CUADRICULA,Nombre
29TNJ84,Bufo bufo
29TNJ94,Bufo bufo
29TPJ04,Bufo bufo
29TNJ73,Bufo bufo
29TNJ83,Bufo bufo
29TNJ93,Bufo bufo
29TPJ03,Bufo bufo
29TPJ13,Bufo bufo
29TPJ23,Bufo bufo
29TNJ62,Bufo bufo
29TNJ72,Bufo bufo
29TNJ82,Bufo bufo
29TNJ92,Bufo bufo
29TPJ02,Bufo bufo
30TTP73,Bufo bufo
29TPJ12,Bufo bufo
29TPJ22,Bufo bufo
29TPJ42,Bufo bufo
29TPJ52,Bufo bufo
29TNJ51,Bufo bufo
29TPJ92,Bufo bufo
29TNJ61,Bufo bufo
29TNJ71,Bufo bufo
29TNJ81,Bufo bufo
29TQJ22,Bufo bufo
29TNJ91,Bufo bufo
29TQJ32,Bufo bufo
29TPJ01,Bufo bufo
30TTP62,Bufo bufo
30TTP82,Bufo bufo
30TUP02,Bufo bufo
29TPJ11,Bufo bufo
29TPJ21,Bufo bufo
29TPJ31,Bufo bufo
29TPJ41,Bufo bufo
29TNJ40,Bufo bufo
29TNJ50,Bufo bufo
29TNJ60,Bufo bufo
29TQJ01,Bufo bufo
29TNJ70,Bufo bufo
29TNJ80,Bufo bufo
29TQJ31,Bufo bufo
29TPJ00,Bufo bufo
30TUP01,Bufo bufo
30TUP11,Bufo bufo
30TUP21,Bufo bufo
30TVP21,Bufo bufo
30TVP31,Bufo bufo
29TPJ10,Bufo bufo
29TNH09,Bufo bufo
29TPJ40,Bufo bufo
29TNH19,Bufo bufo
29TNH29,Bufo bufo
29TNH39,Bufo bufo
29TNH49,Bufo bufo
29TNH59,Bufo bufo
29TNH69,Bufo bufo
29TQJ00,Bufo bufo
29TNH79,Bufo bufo
29TQJ10,Bufo bufo
29TNH89,Bufo bufo
29TNH99,Bufo bufo
29TPH09,Bufo bufo
30TTP60,Bufo bufo
30TUP00,Bufo bufo
30TUP20,Bufo bufo
30TUP30,Bufo bufo
30TUP40,Bufo bufo
30TUP60,Bufo bufo
30TUP70,Bufo bufo
30TVP10,Bufo bufo
30TVP50,Bufo bufo
30TVP60,Bufo bufo
30TWP00,Bufo bufo
30TWP10,Bufo bufo
30TWP20,Bufo bufo
30TWP30,Bufo bufo
30TWP40,Bufo bufo
30TWP90,Bufo bufo
29TMH98,Bufo bufo
29TPH39,Bufo bufo
29TNH08,Bufo bufo
29TPH49,Bufo bufo
29TNH18,Bufo bufo
29TNH28,Bufo bufo
29TNH38,Bufo bufo
29TNH48,Bufo bufo
29TNH58,Bufo bufo
29TNH68,Bufo bufo
29TNH78,Bufo bufo
29TNH88,Bufo bufo
29TNH98,Bufo bufo
29TPH08,Bufo bufo
29TQH49,Bufo bufo
30TUN39,Bufo bufo
30TUN49,Bufo bufo
30TUN59,Bufo bufo
30TUN69,Bufo bufo
30TVN49,Bufo bufo
30TVN59,Bufo bufo
30TVN79,Bufo bufo
30TVN89,Bufo bufo
30TVN99,Bufo bufo
30TWN09,Bufo bufo
30TWN19,Bufo bufo
30TWN29,Bufo bufo
30TWN39,Bufo bufo
30TWN49,Bufo bufo
30TWN59,Bufo bufo
30TWN69,Bufo bufo
30TWN79,Bufo bufo
30TWN89,Bufo bufo
30TWN99,Bufo bufo
30TXN09,Bufo bufo
30TXN19,Bufo bufo
30TXN29,Bufo bufo
30TXN39,Bufo bufo
29TPH18,Bufo bufo
29TMH97,Bufo bufo
29TPH38,Bufo bufo
29TNH07,Bufo bufo
29TPH48,Bufo bufo
29TPH58,Bufo bufo
29TNH27,Bufo bufo
29TPH68,Bufo bufo
29TNH37,Bufo bufo
29TPH78,Bufo bufo
29TNH47,Bufo bufo
29TNH57,Bufo bufo
29TPH98,Bufo bufo
29TNH67,Bufo bufo
29TNH77,Bufo bufo
29TNH87,Bufo bufo
29TQH28,Bufo bufo
29TNH97,Bufo bufo
29TPH07,Bufo bufo
30TTN88,Bufo bufo
30TUN38,Bufo bufo
30TUN48,Bufo bufo
30TUN58,Bufo bufo
30TUN68,Bufo bufo
30TUN88,Bufo bufo
30TVN28,Bufo bufo
30TVN48,Bufo bufo
30TVN58,Bufo bufo
30TVN68,Bufo bufo
30TVN78,Bufo bufo
30TVN88,Bufo bufo
30TVN98,Bufo bufo
30TWN08,Bufo bufo
30TWN18,Bufo bufo
30TWN28,Bufo bufo
30TWN38,Bufo bufo
30TWN48,Bufo bufo
30TWN58,Bufo bufo
30TWN68,Bufo bufo
30TWN78,Bufo bufo
30TWN88,Bufo bufo
30TWN98,Bufo bufo
30TXN08,Bufo bufo
30TXN18,Bufo bufo
30TXN28,Bufo bufo
30TXN38,Bufo bufo
29TMH86,Bufo bufo
29TPH27,Bufo bufo
29TMH96,Bufo bufo
29TNH06,Bufo bufo
29TPH47,Bufo bufo
29TNH16,Bufo bufo
29TPH57,Bufo bufo
29TNH26,Bufo bufo
29TPH67,Bufo bufo
29TNH36,Bufo bufo
29TPH77,Bufo bufo
29TNH46,Bufo bufo
29TNH56,Bufo bufo
29TNH66,Bufo bufo
29TNH86,Bufo bufo
29TQH27,Bufo bufo
29TQH37,Bufo bufo
29TPH06,Bufo bufo
30TTN97,Bufo bufo
30TUN07,Bufo bufo
30TUN17,Bufo bufo
30TUN37,Bufo bufo
30TUN47,Bufo bufo
30TUN57,Bufo bufo
30TUN97,Bufo bufo
30TVN17,Bufo bufo
30TVN27,Bufo bufo
30TVN37,Bufo bufo
30TVN47,Bufo bufo
30TVN57,Bufo bufo
30TVN67,Bufo bufo
30TVN77,Bufo bufo
30TVN87,Bufo bufo
30TVN97,Bufo bufo
30TWN17,Bufo bufo
30TWN27,Bufo bufo
30TWN37,Bufo bufo
30TWN47,Bufo bufo
30TWN57,Bufo bufo
30TWN67,Bufo bufo
30TWN77,Bufo bufo
30TWN87,Bufo bufo
30TWN97,Bufo bufo
30TXN07,Bufo bufo
30TXN17,Bufo bufo
30TXN27,Bufo bufo
30TXN37,Bufo bufo
30TXN47,Bufo bufo
29TPH16,Bufo bufo
29TMH85,Bufo bufo
29TPH26,Bufo bufo
29TMH95,Bufo bufo
29TNH05,Bufo bufo
29TPH46,Bufo bufo
29TNH15,Bufo bufo
29TPH56,Bufo bufo
29TNH25,Bufo bufo
29TNH35,Bufo bufo
29TNH45,Bufo bufo
29TPH86,Bufo bufo
29TNH55,Bufo bufo
29TPH96,Bufo bufo
29TPH05,Bufo bufo
30TTN56,Bufo bufo
30TTN66,Bufo bufo
30TTN76,Bufo bufo
30TTN96,Bufo bufo
30TUN06,Bufo bufo
30TUN16,Bufo bufo
30TUN26,Bufo bufo
30TUN36,Bufo bufo
30TUN46,Bufo bufo
30TUN56,Bufo bufo
30TUN66,Bufo bufo
30TUN76,Bufo bufo
30TUN86,Bufo bufo
30TUN96,Bufo bufo
30TVN06,Bufo bufo
30TVN26,Bufo bufo
30TVN36,Bufo bufo
30TVN46,Bufo bufo
30TVN56,Bufo bufo
30TVN66,Bufo bufo
30TVN76,Bufo bufo
30TVN86,Bufo bufo
30TVN96,Bufo bufo
30TWN06,Bufo bufo
30TWN16,Bufo bufo
30TWN26,Bufo bufo
30TWN36,Bufo bufo
30TWN46,Bufo bufo
30TWN56,Bufo bufo
30TWN66,Bufo bufo
30TWN76,Bufo bufo
30TWN86,Bufo bufo
30TWN96,Bufo bufo
30TXN06,Bufo bufo
30TXN16,Bufo bufo
30TXN26,Bufo bufo
30TXN36,Bufo bufo
30TXN46,Bufo bufo
30TXN56,Bufo bufo
30TXN66,Bufo bufo
29TPH15,Bufo bufo
29TMH94,Bufo bufo
29TPH35,Bufo bufo
29TNH14,Bufo bufo
29TPH55,Bufo bufo
29TNH24,Bufo bufo
29TPH65,Bufo bufo
29TNH34,Bufo bufo
29TPH75,Bufo bufo
29TNH44,Bufo bufo
29TPH85,Bufo bufo
29TNH54,Bufo bufo
29TPH95,Bufo bufo
29TNH64,Bufo bufo
29TQH15,Bufo bufo
29TNH84,Bufo bufo
30TTN65,Bufo bufo
30TTN75,Bufo bufo
30TTN85,Bufo bufo
30TTN95,Bufo bufo
30TUN05,Bufo bufo
30TUN25,Bufo bufo
30TUN35,Bufo bufo
30TUN55,Bufo bufo
30TUN65,Bufo bufo
30TUN75,Bufo bufo
30TUN85,Bufo bufo
30TUN95,Bufo bufo
30TVN15,Bufo bufo
30TVN25,Bufo bufo
30TVN35,Bufo bufo
30TVN45,Bufo bufo
30TVN55,Bufo bufo
30TVN75,Bufo bufo
30TVN85,Bufo bufo
30TVN95,Bufo bufo
30TWN05,Bufo bufo
30TWN15,Bufo bufo
30TWN25,Bufo bufo
30TWN35,Bufo bufo
30TWN45,Bufo bufo
30TWN55,Bufo bufo
30TWN65,Bufo bufo
30TWN75,Bufo bufo
30TWN85,Bufo bufo
30TWN95,Bufo bufo
30TXN05,Bufo bufo
30TXN15,Bufo bufo
30TXN25,Bufo bufo
30TXN35,Bufo bufo
30TXN45,Bufo bufo
30TXN55,Bufo bufo
30TXN65,Bufo bufo
30TXN75,Bufo bufo
30TXN85,Bufo bufo
29TPH14,Bufo bufo
29TMH83,Bufo bufo
29TMH93,Bufo bufo
29TPH34,Bufo bufo
29TNH03,Bufo bufo
29TPH44,Bufo bufo
29TPH54,Bufo bufo
29TNH13,Bufo bufo
29TPH64,Bufo bufo
29TNH23,Bufo bufo
29TPH74,Bufo bufo
29TNH33,Bufo bufo
29TPH84,Bufo bufo
29TNH43,Bufo bufo
29TPH94,Bufo bufo
29TNH53,Bufo bufo
29TNH63,Bufo bufo
29TNH73,Bufo bufo
29TNH93,Bufo bufo
30TTN54,Bufo bufo
30TTN64,Bufo bufo
30TTN84,Bufo bufo
30TTN94,Bufo bufo
30TUN04,Bufo bufo
30TUN24,Bufo bufo
30TUN44,Bufo bufo
30TUN54,Bufo bufo
30TUN64,Bufo bufo
30TUN74,Bufo bufo
30TUN84,Bufo bufo
30TUN94,Bufo bufo
30TVN14,Bufo bufo
30TVN24,Bufo bufo
30TVN34,Bufo bufo
30TVN44,Bufo bufo
30TVN54,Bufo bufo
30TVN64,Bufo bufo
30TVN74,Bufo bufo
30TVN84,Bufo bufo
30TVN94,Bufo bufo
30TWN04,Bufo bufo
30TWN14,Bufo bufo
30TWN24,Bufo bufo
30TWN34,Bufo bufo
30TWN44,Bufo bufo
30TWN54,Bufo bufo
30TWN64,Bufo bufo
30TWN74,Bufo bufo
30TWN84,Bufo bufo
30TWN94,Bufo bufo
30TXN04,Bufo bufo
30TXN14,Bufo bufo
30TXN24,Bufo bufo
30TXN34,Bufo bufo
30TXN44,Bufo bufo
30TXN54,Bufo bufo
30TXN64,Bufo bufo
30TXN74,Bufo bufo
30TXN84,Bufo bufo
30TXN94,Bufo bufo
30TYN04,Bufo bufo
30TYN14,Bufo bufo
30TYN24,Bufo bufo
29TMH92,Bufo bufo
31TCH53,Bufo bufo
29TNH12,Bufo bufo
29TPH63,Bufo bufo
31TCH33,Bufo bufo
29TNH22,Bufo bufo
29TPH73,Bufo bufo
31TCH23,Bufo bufo
29TPH83,Bufo bufo
31TCH13,Bufo bufo
29TNH42,Bufo bufo
29TPH93,Bufo bufo
29TQH03,Bufo bufo
31TBH83,Bufo bufo
29TNH72,Bufo bufo
31TBH63,Bufo bufo
30TTN53,Bufo bufo
30TTN63,Bufo bufo
30TTN83,Bufo bufo
30TTN93,Bufo bufo
30TUN03,Bufo bufo
30TUN33,Bufo bufo
30TUN63,Bufo bufo
30TUN83,Bufo bufo
30TUN93,Bufo bufo
30TVN03,Bufo bufo
30TVN13,Bufo bufo
30TVN23,Bufo bufo
30TVN33,Bufo bufo
30TVN43,Bufo bufo
30TVN53,Bufo bufo
30TVN63,Bufo bufo
30TVN73,Bufo bufo
30TVN83,Bufo bufo
30TVN93,Bufo bufo
30TWN03,Bufo bufo
30TWN13,Bufo bufo
30TWN23,Bufo bufo
30TWN33,Bufo bufo
30TWN43,Bufo bufo
30TWN53,Bufo bufo
30TWN63,Bufo bufo
30TWN73,Bufo bufo
30TWN83,Bufo bufo
30TWN93,Bufo bufo
30TXN03,Bufo bufo
30TXN13,Bufo bufo
30TXN23,Bufo bufo
30TXN33,Bufo bufo
30TXN43,Bufo bufo
30TXN53,Bufo bufo
30TXN63,Bufo bufo
30TXN73,Bufo bufo
30TXN83,Bufo bufo
30TYN03,Bufo bufo
30TYN13,Bufo bufo
30TYN23,Bufo bufo
30TYN33,Bufo bufo
30TYN43,Bufo bufo
31TCH72,Bufo bufo
29TPH32,Bufo bufo
31TCH62,Bufo bufo
29TMH91,Bufo bufo
29TPH42,Bufo bufo
29TNH01,Bufo bufo
29TPH52,Bufo bufo
31TCH42,Bufo bufo
29TNH11,Bufo bufo
29TPH62,Bufo bufo
31TCH32,Bufo bufo
29TNH21,Bufo bufo
31TCH22,Bufo bufo
31TCH12,Bufo bufo
29TNH41,Bufo bufo
29TPH92,Bufo bufo
31TCH02,Bufo bufo
31TBH92,Bufo bufo
29TNH61,Bufo bufo
31TBH82,Bufo bufo
31TBH62,Bufo bufo
29TNH91,Bufo bufo
29TQH42,Bufo bufo
31TBH52,Bufo bufo
29TPH01,Bufo bufo
30TTN62,Bufo bufo
30TTN82,Bufo bufo
30TTN92,Bufo bufo
30TUN02,Bufo bufo
30TUN12,Bufo bufo
30TUN22,Bufo bufo
30TUN32,Bufo bufo
30TUN62,Bufo bufo
30TUN72,Bufo bufo
30TVN02,Bufo bufo
30TVN12,Bufo bufo
30TVN22,Bufo bufo
30TVN32,Bufo bufo
30TVN42,Bufo bufo
30TVN62,Bufo bufo
30TVN72,Bufo bufo
30TVN82,Bufo bufo
30TVN92,Bufo bufo
30TWN02,Bufo bufo
30TWN12,Bufo bufo
30TWN22,Bufo bufo
30TWN42,Bufo bufo
30TWN52,Bufo bufo
30TWN62,Bufo bufo
30TWN72,Bufo bufo
30TWN82,Bufo bufo
30TWN92,Bufo bufo
30TXN02,Bufo bufo
30TXN12,Bufo bufo
30TXN22,Bufo bufo
30TXN32,Bufo bufo
30TXN42,Bufo bufo
30TXN52,Bufo bufo
30TXN62,Bufo bufo
30TXN72,Bufo bufo
30TXN82,Bufo bufo
30TXN92,Bufo bufo
30TYN02,Bufo bufo
30TYN22,Bufo bufo
30TYN32,Bufo bufo
30TYN42,Bufo bufo
31TCH71,Bufo bufo
29TPH31,Bufo bufo
31TCH61,Bufo bufo
31TEH00,Bufo bufo
31TCH51,Bufo bufo
29TNH00,Bufo bufo
31TDH90,Bufo bufo
29TPH51,Bufo bufo
31TCH41,Bufo bufo
29TNH10,Bufo bufo
31TDH80,Bufo bufo
31TCH31,Bufo bufo
29TNH20,Bufo bufo
29TPH71,Bufo bufo
31TCH21,Bufo bufo
29TPH81,Bufo bufo
31TCH11,Bufo bufo
29TPH91,Bufo bufo
29TNH50,Bufo bufo
31TBH91,Bufo bufo
29TNH60,Bufo bufo
29TNH70,Bufo bufo
31TBH71,Bufo bufo
31TDH10,Bufo bufo
31TBH61,Bufo bufo
31TDH00,Bufo bufo
31TBH51,Bufo bufo
29TPH00,Bufo bufo
31TCH90,Bufo bufo
30TTN71,Bufo bufo
30TTN81,Bufo bufo
30TTN91,Bufo bufo
30TUN01,Bufo bufo
30TUN11,Bufo bufo
30TUN21,Bufo bufo
30TUN41,Bufo bufo
30TUN61,Bufo bufo
30TVN31,Bufo bufo
30TVN41,Bufo bufo
30TVN61,Bufo bufo
30TVN71,Bufo bufo
30TWN11,Bufo bufo
30TWN21,Bufo bufo
30TWN31,Bufo bufo
30TWN41,Bufo bufo
30TWN51,Bufo bufo
30TWN61,Bufo bufo
30TWN71,Bufo bufo
30TWN81,Bufo bufo
30TXN01,Bufo bufo
30TXN11,Bufo bufo
30TXN21,Bufo bufo
30TXN31,Bufo bufo
30TXN41,Bufo bufo
30TXN51,Bufo bufo
30TXN61,Bufo bufo
30TXN71,Bufo bufo
30TXN81,Bufo bufo
30TXN91,Bufo bufo
30TYN01,Bufo bufo
30TYN11,Bufo bufo
30TYN21,Bufo bufo
30TYN31,Bufo bufo
30TYN41,Bufo bufo
31TEG19,Bufo bufo
29TPH30,Bufo bufo
31TEG09,Bufo bufo
29TPH40,Bufo bufo
31TDG99,Bufo bufo
29TNG19,Bufo bufo
31TDG89,Bufo bufo
29TPH60,Bufo bufo
31TCH30,Bufo bufo
29TNG29,Bufo bufo
31TDG79,Bufo bufo
29TPH70,Bufo bufo
31TCH20,Bufo bufo
29TNG39,Bufo bufo
29TPH80,Bufo bufo
31TCH10,Bufo bufo
29TNG49,Bufo bufo
31TDG59,Bufo bufo
29TPH90,Bufo bufo
29TNG59,Bufo bufo
31TDG49,Bufo bufo
31TBH90,Bufo bufo
31TDG39,Bufo bufo
31TDG19,Bufo bufo
31TBH60,Bufo bufo
29TNG99,Bufo bufo
31TDG09,Bufo bufo
29TQH40,Bufo bufo
31TBH50,Bufo bufo
29TPG09,Bufo bufo
31TCG99,Bufo bufo
30TTN60,Bufo bufo
30TTN70,Bufo bufo
30TTN90,Bufo bufo
30TUN00,Bufo bufo
30TUN50,Bufo bufo
30TUN60,Bufo bufo
30TUN70,Bufo bufo
30TUN90,Bufo bufo
30TVN00,Bufo bufo
30TVN30,Bufo bufo
30TVN40,Bufo bufo
30TVN50,Bufo bufo
30TVN60,Bufo bufo
30TVN70,Bufo bufo
30TWN00,Bufo bufo
30TWN20,Bufo bufo
30TWN30,Bufo bufo
30TWN40,Bufo bufo
30TWN50,Bufo bufo
30TWN60,Bufo bufo
30TWN90,Bufo bufo
30TXN00,Bufo bufo
30TXN10,Bufo bufo
30TXN20,Bufo bufo
30TXN30,Bufo bufo
30TXN40,Bufo bufo
30TXN50,Bufo bufo
30TXN60,Bufo bufo
30TXN70,Bufo bufo
30TXN80,Bufo bufo
30TXN90,Bufo bufo
30TYN00,Bufo bufo
29TPG19,Bufo bufo
31TCG89,Bufo bufo
31TEG28,Bufo bufo
31TCG79,Bufo bufo
31TEG18,Bufo bufo
31TEG08,Bufo bufo
29TPG49,Bufo bufo
31TCG59,Bufo bufo
31TDG98,Bufo bufo
29TPG59,Bufo bufo
31TCG49,Bufo bufo
29TNG18,Bufo bufo
31TDG88,Bufo bufo
29TPG69,Bufo bufo
31TCG39,Bufo bufo
29TNG28,Bufo bufo
31TDG78,Bufo bufo
29TPG79,Bufo bufo
31TCG29,Bufo bufo
29TNG38,Bufo bufo
31TDG68,Bufo bufo
29TPG89,Bufo bufo
31TCG19,Bufo bufo
29TNG48,Bufo bufo
31TDG58,Bufo bufo
29TNG58,Bufo bufo
31TDG48,Bufo bufo
29TNG68,Bufo bufo
31TDG38,Bufo bufo
29TQG19,Bufo bufo
31TBG89,Bufo bufo
31TDG28,Bufo bufo
29TNG88,Bufo bufo
31TDG18,Bufo bufo
31TBG69,Bufo bufo
29TNG98,Bufo bufo
31TDG08,Bufo bufo
31TBG59,Bufo bufo
29TPG08,Bufo bufo
31TCG98,Bufo bufo
30TTM69,Bufo bufo
30TTM79,Bufo bufo
30TUM29,Bufo bufo
30TUM49,Bufo bufo
30TUM59,Bufo bufo
30TUM79,Bufo bufo
30TUM99,Bufo bufo
30TVM09,Bufo bufo
30TVM19,Bufo bufo
30TVM29,Bufo bufo
30TVM39,Bufo bufo
30TVM49,Bufo bufo
30TVM59,Bufo bufo
30TVM69,Bufo bufo
30TVM79,Bufo bufo
30TVM89,Bufo bufo
30TVM99,Bufo bufo
30TWM19,Bufo bufo
30TWM29,Bufo bufo
30TWM49,Bufo bufo
30TWM69,Bufo bufo
30TWM79,Bufo bufo
30TWM89,Bufo bufo
30TWM99,Bufo bufo
30TXM09,Bufo bufo
30TXM19,Bufo bufo
30TXM29,Bufo bufo
30TXM39,Bufo bufo
30TXM49,Bufo bufo
30TXM59,Bufo bufo
30TXM69,Bufo bufo
30TXM79,Bufo bufo
30TXM89,Bufo bufo
30TYM19,Bufo bufo
30TYM39,Bufo bufo
30TYM49,Bufo bufo
29TPG18,Bufo bufo
31TCG88,Bufo bufo
31TEG27,Bufo bufo
29TPG28,Bufo bufo
31TCG78,Bufo bufo
31TEG17,Bufo bufo
29TPG38,Bufo bufo
31TEG07,Bufo bufo
29TPG48,Bufo bufo
31TDG97,Bufo bufo
29TPG58,Bufo bufo
31TCG48,Bufo bufo
29TNG17,Bufo bufo
31TDG87,Bufo bufo
29TPG68,Bufo bufo
31TCG38,Bufo bufo
29TNG27,Bufo bufo
31TDG77,Bufo bufo
29TPG78,Bufo bufo
31TCG28,Bufo bufo
29TNG37,Bufo bufo
31TDG67,Bufo bufo
29TPG88,Bufo bufo
31TDG57,Bufo bufo
31TDG47,Bufo bufo
29TQG08,Bufo bufo
29TNG67,Bufo bufo
31TDG37,Bufo bufo
29TQG18,Bufo bufo
29TNG77,Bufo bufo
31TDG27,Bufo bufo
29TQG28,Bufo bufo
29TNG87,Bufo bufo
31TDG17,Bufo bufo
29TQG38,Bufo bufo
29TNG97,Bufo bufo
31TDG07,Bufo bufo
29TQG48,Bufo bufo
29TPG07,Bufo bufo
31TCG97,Bufo bufo
30TTM68,Bufo bufo
30TTM98,Bufo bufo
30TUM18,Bufo bufo
30TUM28,Bufo bufo
30TUM38,Bufo bufo
30TUM68,Bufo bufo
30TVM08,Bufo bufo
30TVM28,Bufo bufo
30TVM38,Bufo bufo
30TVM48,Bufo bufo
30TVM58,Bufo bufo
30TVM68,Bufo bufo
30TVM78,Bufo bufo
30TVM88,Bufo bufo
30TVM98,Bufo bufo
30TWM08,Bufo bufo
30TWM18,Bufo bufo
30TWM28,Bufo bufo
30TWM48,Bufo bufo
30TWM88,Bufo bufo
30TWM98,Bufo bufo
30TXM08,Bufo bufo
30TXM18,Bufo bufo
30TXM28,Bufo bufo
30TXM38,Bufo bufo
30TXM48,Bufo bufo
30TXM58,Bufo bufo
30TXM68,Bufo bufo
30TXM78,Bufo bufo
30TXM88,Bufo bufo
30TXM98,Bufo bufo
30TYM08,Bufo bufo
30TYM18,Bufo bufo
30TYM28,Bufo bufo
30TYM38,Bufo bufo
30TYM48,Bufo bufo
29TPG17,Bufo bufo
31TCG87,Bufo bufo
29TPG27,Bufo bufo
31TCG77,Bufo bufo
31TEG16,Bufo bufo
29TPG37,Bufo bufo
31TCG67,Bufo bufo
31TEG06,Bufo bufo
29TPG47,Bufo bufo
31TDG96,Bufo bufo
29TPG57,Bufo bufo
29TNG16,Bufo bufo
31TDG86,Bufo bufo
29TPG67,Bufo bufo
31TCG37,Bufo bufo
29TNG26,Bufo bufo
31TDG76,Bufo bufo
29TPG77,Bufo bufo
31TCG27,Bufo bufo
29TNG36,Bufo bufo
31TDG66,Bufo bufo
29TPG87,Bufo bufo
29TNG46,Bufo bufo
31TDG56,Bufo bufo
29TPG97,Bufo bufo
29TNG56,Bufo bufo
31TDG46,Bufo bufo
29TQG07,Bufo bufo
31TDG36,Bufo bufo
31TDG26,Bufo bufo
29TQG27,Bufo bufo
31TBG77,Bufo bufo
29TNG86,Bufo bufo
31TDG16,Bufo bufo
29TQG37,Bufo bufo
31TDG06,Bufo bufo
29TQG47,Bufo bufo
31TBG57,Bufo bufo
29TPG06,Bufo bufo
31TCG96,Bufo bufo
30TUM17,Bufo bufo
30TUM27,Bufo bufo
30TUM47,Bufo bufo
30TUM77,Bufo bufo
30TUM87,Bufo bufo
30TVM07,Bufo bufo
30TVM17,Bufo bufo
30TVM27,Bufo bufo
30TVM37,Bufo bufo
30TVM47,Bufo bufo
30TVM57,Bufo bufo
30TVM67,Bufo bufo
30TVM77,Bufo bufo
30TVM87,Bufo bufo
30TVM97,Bufo bufo
30TWM07,Bufo bufo
30TWM17,Bufo bufo
30TWM27,Bufo bufo
30TWM37,Bufo bufo
30TWM67,Bufo bufo
30TXM07,Bufo bufo
30TXM17,Bufo bufo
30TXM27,Bufo bufo
30TXM37,Bufo bufo
30TXM57,Bufo bufo
30TXM67,Bufo bufo
30TXM77,Bufo bufo
30TYM27,Bufo bufo
30TYM47,Bufo bufo
31TCG86,Bufo bufo
31TCG76,Bufo bufo
29TPG36,Bufo bufo
31TCG66,Bufo bufo
31TEG05,Bufo bufo
31TDG95,Bufo bufo
29TPG56,Bufo bufo
29TNG15,Bufo bufo
31TDG85,Bufo bufo
29TPG66,Bufo bufo
31TCG36,Bufo bufo
29TNG25,Bufo bufo
31TDG75,Bufo bufo
29TPG76,Bufo bufo
29TNG35,Bufo bufo
31TDG65,Bufo bufo
29TPG86,Bufo bufo
31TCG16,Bufo bufo
31TDG55,Bufo bufo
29TPG96,Bufo bufo
31TCG06,Bufo bufo
31TDG45,Bufo bufo
29TQG06,Bufo bufo
31TDG35,Bufo bufo
29TQG16,Bufo bufo
29TNG75,Bufo bufo
31TDG25,Bufo bufo
29TQG26,Bufo bufo
31TBG76,Bufo bufo
31TDG15,Bufo bufo
29TQG36,Bufo bufo
31TDG05,Bufo bufo
29TQG46,Bufo bufo
31TBG56,Bufo bufo
29TPG05,Bufo bufo
31TCG95,Bufo bufo
30TTM66,Bufo bufo
30TUM06,Bufo bufo
30TUM26,Bufo bufo
30TUM56,Bufo bufo
30TUM86,Bufo bufo
30TUM96,Bufo bufo
30TVM06,Bufo bufo
30TVM16,Bufo bufo
30TVM26,Bufo bufo
30TVM36,Bufo bufo
30TVM46,Bufo bufo
30TVM56,Bufo bufo
30TVM66,Bufo bufo
30TVM76,Bufo bufo
30TVM86,Bufo bufo
30TVM96,Bufo bufo
30TWM06,Bufo bufo
30TWM16,Bufo bufo
30TWM26,Bufo bufo
30TWM36,Bufo bufo
30TWM46,Bufo bufo
30TWM56,Bufo bufo
30TWM66,Bufo bufo
30TXM06,Bufo bufo
30TXM26,Bufo bufo
30TXM36,Bufo bufo
30TXM46,Bufo bufo
30TXM66,Bufo bufo
30TXM76,Bufo bufo
30TXM86,Bufo bufo
30TYM16,Bufo bufo
30TYM26,Bufo bufo
30TYM46,Bufo bufo
29TPG15,Bufo bufo
31TEG14,Bufo bufo
31TEG04,Bufo bufo
31TDG94,Bufo bufo
29TPG55,Bufo bufo
29TNG14,Bufo bufo
31TDG84,Bufo bufo
29TPG65,Bufo bufo
31TDG74,Bufo bufo
31TCG25,Bufo bufo
31TDG64,Bufo bufo
31TCG15,Bufo bufo
31TDG54,Bufo bufo
29TPG95,Bufo bufo
31TCG05,Bufo bufo
31TDG44,Bufo bufo
29TQG05,Bufo bufo
29TNG64,Bufo bufo
31TDG34,Bufo bufo
29TNG74,Bufo bufo
31TDG24,Bufo bufo
29TQG25,Bufo bufo
31TBG75,Bufo bufo
29TNG84,Bufo bufo
31TDG14,Bufo bufo
29TNG94,Bufo bufo
31TDG04,Bufo bufo
29TQG45,Bufo bufo
29TPG04,Bufo bufo
30TTM85,Bufo bufo
30TUM25,Bufo bufo
30TUM35,Bufo bufo
30TUM55,Bufo bufo
30TUM65,Bufo bufo
30TUM75,Bufo bufo
30TUM85,Bufo bufo
30TUM95,Bufo bufo
30TVM05,Bufo bufo
30TVM15,Bufo bufo
30TVM25,Bufo bufo
30TVM35,Bufo bufo
30TVM45,Bufo bufo
30TVM55,Bufo bufo
30TVM65,Bufo bufo
30TVM75,Bufo bufo
30TVM85,Bufo bufo
30TVM95,Bufo bufo
30TWM05,Bufo bufo
30TWM15,Bufo bufo
30TWM25,Bufo bufo
30TWM35,Bufo bufo
30TWM45,Bufo bufo
30TWM55,Bufo bufo
30TWM65,Bufo bufo
30TXM05,Bufo bufo
30TXM15,Bufo bufo
30TXM25,Bufo bufo
30TXM45,Bufo bufo
30TXM55,Bufo bufo
30TXM65,Bufo bufo
30TXM75,Bufo bufo
30TXM85,Bufo bufo
30TYM15,Bufo bufo
30TYM25,Bufo bufo
29TPG14,Bufo bufo
31TCG84,Bufo bufo
29TPG24,Bufo bufo
31TEG13,Bufo bufo
29TPG34,Bufo bufo
31TCG64,Bufo bufo
31TEG03,Bufo bufo
29TPG44,Bufo bufo
31TCG54,Bufo bufo
31TDG93,Bufo bufo
29TPG54,Bufo bufo
29TNG13,Bufo bufo
31TDG83,Bufo bufo
29TPG64,Bufo bufo
31TCG34,Bufo bufo
31TDG73,Bufo bufo
31TCG24,Bufo bufo
31TDG63,Bufo bufo
31TCG14,Bufo bufo
31TDG53,Bufo bufo
29TPG94,Bufo bufo
31TDG43,Bufo bufo
29TQG04,Bufo bufo
29TNG63,Bufo bufo
31TDG33,Bufo bufo
29TQG14,Bufo bufo
31TBG84,Bufo bufo
29TNG73,Bufo bufo
31TDG23,Bufo bufo
29TQG24,Bufo bufo
31TBG74,Bufo bufo
29TNG83,Bufo bufo
29TQG34,Bufo bufo
31TBG64,Bufo bufo
29TNG93,Bufo bufo
31TDG03,Bufo bufo
31TBG54,Bufo bufo
29TPG03,Bufo bufo
30TTM64,Bufo bufo
30TUM14,Bufo bufo
30TUM34,Bufo bufo
30TUM44,Bufo bufo
30TUM54,Bufo bufo
30TUM64,Bufo bufo
30TUM74,Bufo bufo
30TVM24,Bufo bufo
30TVM34,Bufo bufo
30TVM44,Bufo bufo
30TVM54,Bufo bufo
30TVM64,Bufo bufo
30TVM74,Bufo bufo
30TVM84,Bufo bufo
30TVM94,Bufo bufo
30TWM04,Bufo bufo
30TWM14,Bufo bufo
30TWM24,Bufo bufo
30TWM34,Bufo bufo
30TWM44,Bufo bufo
30TWM54,Bufo bufo
30TWM64,Bufo bufo
30TWM74,Bufo bufo
30TWM84,Bufo bufo
30TWM94,Bufo bufo
30TXM04,Bufo bufo
30TXM14,Bufo bufo
30TXM24,Bufo bufo
30TXM44,Bufo bufo
30TXM64,Bufo bufo
30TXM74,Bufo bufo
30TXM84,Bufo bufo
30TXM94,Bufo bufo
30TYM24,Bufo bufo
29TPG13,Bufo bufo
29TPG23,Bufo bufo
29TPG33,Bufo bufo
31TCG63,Bufo bufo
31TEG02,Bufo bufo
29TPG43,Bufo bufo
31TDG92,Bufo bufo
31TCG43,Bufo bufo
31TDG82,Bufo bufo
31TCG33,Bufo bufo
31TDG72,Bufo bufo
31TDG62,Bufo bufo
31TCG13,Bufo bufo
31TDG52,Bufo bufo
31TCG03,Bufo bufo
31TDG42,Bufo bufo
31TDG32,Bufo bufo
29TQG13,Bufo bufo
31TDG22,Bufo bufo
29TQG23,Bufo bufo
31TDG12,Bufo bufo
31TBG63,Bufo bufo
31TDG02,Bufo bufo
30TTM53,Bufo bufo
30TTM73,Bufo bufo
30TUM43,Bufo bufo
30TUM53,Bufo bufo
30TUM63,Bufo bufo
30TUM73,Bufo bufo
30TUM83,Bufo bufo
30TUM93,Bufo bufo
30TVM23,Bufo bufo
30TVM33,Bufo bufo
30TVM43,Bufo bufo
30TVM53,Bufo bufo
30TVM63,Bufo bufo
30TVM73,Bufo bufo
30TVM83,Bufo bufo
30TVM93,Bufo bufo
30TWM03,Bufo bufo
30TWM13,Bufo bufo
30TWM23,Bufo bufo
30TWM33,Bufo bufo
30TWM43,Bufo bufo
30TWM53,Bufo bufo
30TWM63,Bufo bufo
30TWM73,Bufo bufo
30TWM83,Bufo bufo
30TWM93,Bufo bufo
30TXM33,Bufo bufo
30TXM83,Bufo bufo
30TYM03,Bufo bufo
30TYM23,Bufo bufo
30TYM33,Bufo bufo
30TYM43,Bufo bufo
31TCG72,Bufo bufo
31TCG62,Bufo bufo
31TCG52,Bufo bufo
31TDG91,Bufo bufo
31TDG81,Bufo bufo
31TDG71,Bufo bufo
31TDG61,Bufo bufo
31TCG12,Bufo bufo
31TDG51,Bufo bufo
31TDG41,Bufo bufo
29TQG02,Bufo bufo
31TDG31,Bufo bufo
31TDG21,Bufo bufo
29TQG22,Bufo bufo
31TDG11,Bufo bufo
29TQG32,Bufo bufo
31TDG01,Bufo bufo
29TQG42,Bufo bufo
30TTM62,Bufo bufo
30TTM72,Bufo bufo
30TUM22,Bufo bufo
30TUM32,Bufo bufo
30TUM72,Bufo bufo
30TUM82,Bufo bufo
30TVM12,Bufo bufo
30TVM22,Bufo bufo
30TVM32,Bufo bufo
30TVM42,Bufo bufo
30TVM52,Bufo bufo
30TVM62,Bufo bufo
30TVM72,Bufo bufo
30TVM82,Bufo bufo
30TVM92,Bufo bufo
30TWM02,Bufo bufo
30TWM12,Bufo bufo
30TWM22,Bufo bufo
30TWM32,Bufo bufo
30TWM42,Bufo bufo
30TWM52,Bufo bufo
30TWM72,Bufo bufo
30TWM82,Bufo bufo
30TWM92,Bufo bufo
30TXM72,Bufo bufo
30TXM82,Bufo bufo
30TYM02,Bufo bufo
31TCG81,Bufo bufo
31TCG71,Bufo bufo
31TCG61,Bufo bufo
31TCG31,Bufo bufo
31TDG70,Bufo bufo
31TDG60,Bufo bufo
31TCG11,Bufo bufo
31TDG50,Bufo bufo
31TCG01,Bufo bufo
31TDG40,Bufo bufo
31TDG30,Bufo bufo
31TBG81,Bufo bufo
31TDG20,Bufo bufo
31TDG10,Bufo bufo
31TBG61,Bufo bufo
29TQG41,Bufo bufo
31TCG90,Bufo bufo
30TUM11,Bufo bufo
30TUM21,Bufo bufo
30TUM41,Bufo bufo
30TUM61,Bufo bufo
30TUM71,Bufo bufo
30TUM81,Bufo bufo
30TVM11,Bufo bufo
30TVM21,Bufo bufo
30TVM31,Bufo bufo
30TVM41,Bufo bufo
30TVM51,Bufo bufo
30TVM61,Bufo bufo
30TVM81,Bufo bufo
30TVM91,Bufo bufo
30TWM11,Bufo bufo
30TWM31,Bufo bufo
30TWM41,Bufo bufo
30TWM51,Bufo bufo
30TWM81,Bufo bufo
30TWM91,Bufo bufo
30TXM01,Bufo bufo
30TXM41,Bufo bufo
30TXM71,Bufo bufo
30TXM81,Bufo bufo
31TCG80,Bufo bufo
31TCG70,Bufo bufo
31TCG60,Bufo bufo
31TCG50,Bufo bufo
31TCG40,Bufo bufo
31TCG10,Bufo bufo
31TDF59,Bufo bufo
31TCG00,Bufo bufo
31TDF49,Bufo bufo
31TDF39,Bufo bufo
31TDF29,Bufo bufo
31TBG70,Bufo bufo
31TBG60,Bufo bufo
31TDF09,Bufo bufo
31TCF99,Bufo bufo
30TTM90,Bufo bufo
30TUM00,Bufo bufo
30TUM50,Bufo bufo
30TUM70,Bufo bufo
30TUM80,Bufo bufo
30TVM10,Bufo bufo
30TVM30,Bufo bufo
30TVM40,Bufo bufo
30TVM50,Bufo bufo
30TVM60,Bufo bufo
30TVM80,Bufo bufo
30TVM90,Bufo bufo
30TWM30,Bufo bufo
30TWM40,Bufo bufo
30TWM50,Bufo bufo
30TWM60,Bufo bufo
30TXM20,Bufo bufo
30TXM40,Bufo bufo
30TXM60,Bufo bufo
30TXM70,Bufo bufo
30TXM80,Bufo bufo
30TYM30,Bufo bufo
31TCF89,Bufo bufo
31TCF79,Bufo bufo
31TCF69,Bufo bufo
31TCF39,Bufo bufo
31TCF19,Bufo bufo
31TCF09,Bufo bufo
31TDF38,Bufo bufo
31TDF28,Bufo bufo
29TQF29,Bufo bufo
31TDF18,Bufo bufo
29TQF39,Bufo bufo
31TDF08,Bufo bufo
29TQF49,Bufo bufo
31TBF59,Bufo bufo
30TTL89,Bufo bufo
30TTL99,Bufo bufo
30TUL09,Bufo bufo
30TUL29,Bufo bufo
30TUL39,Bufo bufo
30TUL59,Bufo bufo
30TUL79,Bufo bufo
30TUL89,Bufo bufo
30TUL99,Bufo bufo
30TVL19,Bufo bufo
30TVL49,Bufo bufo
30TVL59,Bufo bufo
30TVL79,Bufo bufo
30TVL89,Bufo bufo
30TVL99,Bufo bufo
30TWL19,Bufo bufo
30TWL39,Bufo bufo
30TWL49,Bufo bufo
30TWL59,Bufo bufo
30TWL79,Bufo bufo
30TXL19,Bufo bufo
30TXL69,Bufo bufo
30TXL79,Bufo bufo
30TXL99,Bufo bufo
30TYL09,Bufo bufo
31TCF88,Bufo bufo
31TCF78,Bufo bufo
31TCF68,Bufo bufo
31TCF38,Bufo bufo
31TCF28,Bufo bufo
31TCF18,Bufo bufo
31TCF08,Bufo bufo
31TBF88,Bufo bufo
31TDF27,Bufo bufo
31TDF17,Bufo bufo
31TBF68,Bufo bufo
31TDF07,Bufo bufo
29TQF48,Bufo bufo
31TCF97,Bufo bufo
30TTL58,Bufo bufo
30TTL88,Bufo bufo
30TTL98,Bufo bufo
30TUL18,Bufo bufo
30TUL48,Bufo bufo
30TUL58,Bufo bufo
30TUL78,Bufo bufo
30TUL88,Bufo bufo
30TVL48,Bufo bufo
30TVL58,Bufo bufo
30TVL68,Bufo bufo
30TVL78,Bufo bufo
30TVL88,Bufo bufo
30TWL28,Bufo bufo
30TWL38,Bufo bufo
30TWL48,Bufo bufo
30TWL68,Bufo bufo
30TWL98,Bufo bufo
30TXL18,Bufo bufo
30TXL68,Bufo bufo
30TXL88,Bufo bufo
30TXL98,Bufo bufo
30TYL08,Bufo bufo
30TYL28,Bufo bufo
30TYL38,Bufo bufo
30TYL48,Bufo bufo
31TCF87,Bufo bufo
31TCF77,Bufo bufo
31TCF67,Bufo bufo
31TCF57,Bufo bufo
31TCF37,Bufo bufo
31TCF27,Bufo bufo
31TCF17,Bufo bufo
31TCF07,Bufo bufo
29TQF17,Bufo bufo
29TQF27,Bufo bufo
31TDF16,Bufo bufo
31TBF67,Bufo bufo
31TDF06,Bufo bufo
29TQF47,Bufo bufo
31TCF96,Bufo bufo
30TTL57,Bufo bufo
30TTL67,Bufo bufo
30TTL87,Bufo bufo
30TTL97,Bufo bufo
30TUL57,Bufo bufo
30TVL27,Bufo bufo
30TVL47,Bufo bufo
30TVL77,Bufo bufo
30TVL87,Bufo bufo
30TVL97,Bufo bufo
30TWL07,Bufo bufo
30TWL17,Bufo bufo
30TWL27,Bufo bufo
30TWL37,Bufo bufo
30TWL57,Bufo bufo
30TWL67,Bufo bufo
30TXL57,Bufo bufo
30TXL67,Bufo bufo
30TXL87,Bufo bufo
30TXL97,Bufo bufo
30TYL07,Bufo bufo
30TYL17,Bufo bufo
30TYL27,Bufo bufo
30TYL37,Bufo bufo
30TYL47,Bufo bufo
31TCF86,Bufo bufo
31TCF76,Bufo bufo
31TCF66,Bufo bufo
31TCF56,Bufo bufo
31TCF36,Bufo bufo
31TCF26,Bufo bufo
31TCF16,Bufo bufo
29TPF96,Bufo bufo
31TCF06,Bufo bufo
29TQF06,Bufo bufo
31TBF96,Bufo bufo
29TQF16,Bufo bufo
29TQF26,Bufo bufo
31TBF76,Bufo bufo
31TBF66,Bufo bufo
30TTL66,Bufo bufo
30TTL76,Bufo bufo
30TTL96,Bufo bufo
30TVL56,Bufo bufo
30TVL66,Bufo bufo
30TVL76,Bufo bufo
30TVL96,Bufo bufo
30TWL16,Bufo bufo
30TWL26,Bufo bufo
30TWL36,Bufo bufo
30TWL46,Bufo bufo
30TXL06,Bufo bufo
30TXL56,Bufo bufo
30TXL86,Bufo bufo
30TXL96,Bufo bufo
30TYL16,Bufo bufo
30TYL26,Bufo bufo
30TYL36,Bufo bufo
30TYL46,Bufo bufo
31TCF65,Bufo bufo
31TCF55,Bufo bufo
31TCF45,Bufo bufo
31TCF25,Bufo bufo
31TCF15,Bufo bufo
31TCF05,Bufo bufo
29TQF05,Bufo bufo
29TQF15,Bufo bufo
29TQF55,Bufo bufo
30TTL65,Bufo bufo
30TTL75,Bufo bufo
30TUL05,Bufo bufo
30TUL15,Bufo bufo
30TUL45,Bufo bufo
30TVL45,Bufo bufo
30TVL55,Bufo bufo
30TWL35,Bufo bufo
30TWL45,Bufo bufo
30TWL55,Bufo bufo
30TXL35,Bufo bufo
30TXL45,Bufo bufo
30TXL55,Bufo bufo
30TXL65,Bufo bufo
30TXL75,Bufo bufo
30TXL85,Bufo bufo
30TXL95,Bufo bufo
30TYL05,Bufo bufo
30TYL15,Bufo bufo
30TYL25,Bufo bufo
30TYL35,Bufo bufo
30TYL45,Bufo bufo
30TYL55,Bufo bufo
29TPF74,Bufo bufo
31TCF24,Bufo bufo
29TPF84,Bufo bufo
29TPF94,Bufo bufo
30TTL84,Bufo bufo
30TUL24,Bufo bufo
30TVL04,Bufo bufo
30TVL14,Bufo bufo
30TVL24,Bufo bufo
30TVL34,Bufo bufo
30TVL44,Bufo bufo
30TVL54,Bufo bufo
30TVL64,Bufo bufo
30TVL74,Bufo bufo
30TVL84,Bufo bufo
30TVL94,Bufo bufo
30TWL04,Bufo bufo
30TWL24,Bufo bufo
30TWL34,Bufo bufo
30TWL54,Bufo bufo
30TWL64,Bufo bufo
30TWL74,Bufo bufo
30TXL04,Bufo bufo
30TXL24,Bufo bufo
30TXL34,Bufo bufo
30TXL44,Bufo bufo
30TXL54,Bufo bufo
30TXL64,Bufo bufo
30TXL74,Bufo bufo
30TXL84,Bufo bufo
30TXL94,Bufo bufo
30TYL04,Bufo bufo
30TYL14,Bufo bufo
30TYL24,Bufo bufo
30TYL34,Bufo bufo
30TYL44,Bufo bufo
30TYL54,Bufo bufo
31TBF93,Bufo bufo
31TBF83,Bufo bufo
31TBF73,Bufo bufo
29TQF33,Bufo bufo
31TBF63,Bufo bufo
31TBF43,Bufo bufo
30TTL63,Bufo bufo
30TTL73,Bufo bufo
30TTL93,Bufo bufo
30TUL03,Bufo bufo
30TVL03,Bufo bufo
30TVL23,Bufo bufo
30TVL33,Bufo bufo
30TVL43,Bufo bufo
30TVL63,Bufo bufo
30TVL73,Bufo bufo
30TVL93,Bufo bufo
30TWL13,Bufo bufo
30TWL23,Bufo bufo
30TXL03,Bufo bufo
30TXL13,Bufo bufo
30TXL23,Bufo bufo
30TXL33,Bufo bufo
30TXL43,Bufo bufo
30TXL53,Bufo bufo
30TXL63,Bufo bufo
30TXL83,Bufo bufo
30TXL93,Bufo bufo
30TYL03,Bufo bufo
30TYL13,Bufo bufo
30TYL23,Bufo bufo
30TYL33,Bufo bufo
30TYL43,Bufo bufo
30TYL53,Bufo bufo
29TPF82,Bufo bufo
31TBF92,Bufo bufo
31TBF82,Bufo bufo
31TBF72,Bufo bufo
31TBF62,Bufo bufo
29TQF42,Bufo bufo
30TTL92,Bufo bufo
30TVL12,Bufo bufo
30TVL22,Bufo bufo
30TVL32,Bufo bufo
30TVL52,Bufo bufo
30TVL62,Bufo bufo
30TVL82,Bufo bufo
30TVL92,Bufo bufo
30TWL62,Bufo bufo
30TXL12,Bufo bufo
30TXL22,Bufo bufo
30TXL32,Bufo bufo
30TXL42,Bufo bufo
30TXL52,Bufo bufo
30TXL62,Bufo bufo
30TXL72,Bufo bufo
30TXL82,Bufo bufo
30TXL92,Bufo bufo
30TYL12,Bufo bufo
30TYL22,Bufo bufo
30TYL32,Bufo bufo
30TYL42,Bufo bufo
31TCF01,Bufo bufo
31TBF91,Bufo bufo
31TBF81,Bufo bufo
31TBF71,Bufo bufo
31TBF61,Bufo bufo
29TQF41,Bufo bufo
31TBF51,Bufo bufo
31TBF41,Bufo bufo
30TTL81,Bufo bufo
30TTL91,Bufo bufo
30TUL01,Bufo bufo
30TUL51,Bufo bufo
30TUL71,Bufo bufo
30TUL81,Bufo bufo
30TUL91,Bufo bufo
30TVL01,Bufo bufo
30TVL11,Bufo bufo
30TVL21,Bufo bufo
30TVL31,Bufo bufo
30TVL41,Bufo bufo
30TVL51,Bufo bufo
30TVL61,Bufo bufo
30TVL71,Bufo bufo
30TVL81,Bufo bufo
30TVL91,Bufo bufo
30TWL11,Bufo bufo
30TWL51,Bufo bufo
30TWL61,Bufo bufo
30TWL71,Bufo bufo
30TXL21,Bufo bufo
30TXL31,Bufo bufo
30TXL41,Bufo bufo
30TXL51,Bufo bufo
30TXL61,Bufo bufo
30TXL71,Bufo bufo
30TXL81,Bufo bufo
30TXL91,Bufo bufo
30TYL01,Bufo bufo
30TYL11,Bufo bufo
30TYL21,Bufo bufo
30TYL31,Bufo bufo
30TYL41,Bufo bufo
30TYL51,Bufo bufo
29TPF90,Bufo bufo
31TCF00,Bufo bufo
31TBF90,Bufo bufo
31TBF80,Bufo bufo
31TBF70,Bufo bufo
29TQF30,Bufo bufo
31TBF60,Bufo bufo
29TQF40,Bufo bufo
31TBF50,Bufo bufo
29TQF50,Bufo bufo
31TBF40,Bufo bufo
30TTL40,Bufo bufo
30TTL80,Bufo bufo
30TUL30,Bufo bufo
30TUL50,Bufo bufo
30TUL70,Bufo bufo
30TUL80,Bufo bufo
30TUL90,Bufo bufo
30TVL00,Bufo bufo
30TVL10,Bufo bufo
30TVL20,Bufo bufo
30TVL30,Bufo bufo
30TVL40,Bufo bufo
30TVL50,Bufo bufo
30TVL60,Bufo bufo
30TVL70,Bufo bufo
30TVL80,Bufo bufo
30TWL00,Bufo bufo
30TWL10,Bufo bufo
30TWL30,Bufo bufo
30TWL70,Bufo bufo
30TWL80,Bufo bufo
30TXL20,Bufo bufo
30TXL40,Bufo bufo
30TXL50,Bufo bufo
30TXL60,Bufo bufo
30TXL70,Bufo bufo
30TXL80,Bufo bufo
30TXL90,Bufo bufo
30TYL00,Bufo bufo
30TYL10,Bufo bufo
30TYL20,Bufo bufo
30TYL30,Bufo bufo
30TYL40,Bufo bufo
30TYL50,Bufo bufo
29TPE89,Bufo bufo
29TPE99,Bufo bufo
29TQE09,Bufo bufo
29TQE19,Bufo bufo
29TQE29,Bufo bufo
29TQE39,Bufo bufo
31TBE69,Bufo bufo
29TQE49,Bufo bufo
31TBE59,Bufo bufo
29TQE59,Bufo bufo
31TBE49,Bufo bufo
30TTK49,Bufo bufo
30TTK59,Bufo bufo
30TTK69,Bufo bufo
30TUK29,Bufo bufo
30TUK39,Bufo bufo
30TUK59,Bufo bufo
30TUK69,Bufo bufo
30TUK79,Bufo bufo
30TUK89,Bufo bufo
30TUK99,Bufo bufo
30TVK09,Bufo bufo
30TVK19,Bufo bufo
30TVK29,Bufo bufo
30TVK39,Bufo bufo
30TVK49,Bufo bufo
30TVK69,Bufo bufo
30TVK79,Bufo bufo
30TVK89,Bufo bufo
30TVK99,Bufo bufo
30TWK29,Bufo bufo
30TWK49,Bufo bufo
30TWK59,Bufo bufo
30TWK69,Bufo bufo
30TWK79,Bufo bufo
30TWK89,Bufo bufo
30TWK99,Bufo bufo
30TXK19,Bufo bufo
30TXK29,Bufo bufo
30TXK39,Bufo bufo
30TXK49,Bufo bufo
30TXK59,Bufo bufo
30TXK69,Bufo bufo
30TXK79,Bufo bufo
30TXK89,Bufo bufo
30TYK09,Bufo bufo
30TYK19,Bufo bufo
30TYK29,Bufo bufo
30TYK39,Bufo bufo
30TYK49,Bufo bufo
30TYK59,Bufo bufo
29TPE98,Bufo bufo
29TQE08,Bufo bufo
29TQE18,Bufo bufo
31TBE88,Bufo bufo
29TQE28,Bufo bufo
29TQE38,Bufo bufo
31TBE68,Bufo bufo
29TQE48,Bufo bufo
29TQE58,Bufo bufo
30TTK48,Bufo bufo
30TTK58,Bufo bufo
30TTK68,Bufo bufo
30TTK78,Bufo bufo
30TTK88,Bufo bufo
30TUK08,Bufo bufo
30TUK38,Bufo bufo
30TUK48,Bufo bufo
30TUK58,Bufo bufo
30TUK78,Bufo bufo
30TUK88,Bufo bufo
30TUK98,Bufo bufo
30TVK08,Bufo bufo
30TVK18,Bufo bufo
30TVK28,Bufo bufo
30TVK38,Bufo bufo
30TVK58,Bufo bufo
30TVK68,Bufo bufo
30TVK78,Bufo bufo
30TVK88,Bufo bufo
30TVK98,Bufo bufo
30TWK18,Bufo bufo
30TWK28,Bufo bufo
30TWK58,Bufo bufo
30TWK68,Bufo bufo
30TWK78,Bufo bufo
30TWK88,Bufo bufo
30TWK98,Bufo bufo
30TXK08,Bufo bufo
30TXK18,Bufo bufo
30TXK28,Bufo bufo
30TXK38,Bufo bufo
30TXK48,Bufo bufo
30TXK78,Bufo bufo
30TXK88,Bufo bufo
30TXK98,Bufo bufo
30TYK08,Bufo bufo
30TYK18,Bufo bufo
30TYK28,Bufo bufo
30TYK38,Bufo bufo
30TYK48,Bufo bufo
29TQE07,Bufo bufo
29TQE17,Bufo bufo
31TBE87,Bufo bufo
29TQE27,Bufo bufo
31TBE77,Bufo bufo
29TQE37,Bufo bufo
31TBE67,Bufo bufo
29TQE47,Bufo bufo
29TQE57,Bufo bufo
30TTK57,Bufo bufo
30TTK67,Bufo bufo
30TTK77,Bufo bufo
30TTK87,Bufo bufo
30TTK97,Bufo bufo
30TUK07,Bufo bufo
30TUK17,Bufo bufo
30TUK27,Bufo bufo
30TUK37,Bufo bufo
30TUK67,Bufo bufo
30TUK77,Bufo bufo
30TUK87,Bufo bufo
30TUK97,Bufo bufo
30TVK07,Bufo bufo
30TVK17,Bufo bufo
30TVK27,Bufo bufo
30TVK37,Bufo bufo
30TVK67,Bufo bufo
30TVK77,Bufo bufo
30TVK87,Bufo bufo
30TWK17,Bufo bufo
30TWK57,Bufo bufo
30TWK67,Bufo bufo
30TWK77,Bufo bufo
30TWK97,Bufo bufo
30TXK07,Bufo bufo
30TXK17,Bufo bufo
30TXK27,Bufo bufo
30TXK37,Bufo bufo
30TXK47,Bufo bufo
30TXK67,Bufo bufo
30TXK77,Bufo bufo
30TXK87,Bufo bufo
30TXK97,Bufo bufo
30TYK07,Bufo bufo
30TYK17,Bufo bufo
30TYK27,Bufo bufo
30TYK37,Bufo bufo
30TYK47,Bufo bufo
29TPE86,Bufo bufo
29TPE96,Bufo bufo
29TQE06,Bufo bufo
29TQE16,Bufo bufo
31TBE76,Bufo bufo
31TBE66,Bufo bufo
29TQE56,Bufo bufo
31TBE46,Bufo bufo
30TTK56,Bufo bufo
30TTK66,Bufo bufo
30TTK76,Bufo bufo
30TTK86,Bufo bufo
30TTK96,Bufo bufo
30TUK06,Bufo bufo
30TUK16,Bufo bufo
30TUK26,Bufo bufo
30TUK36,Bufo bufo
30TUK46,Bufo bufo
30TUK56,Bufo bufo
30TUK66,Bufo bufo
30TUK76,Bufo bufo
30TUK86,Bufo bufo
30TUK96,Bufo bufo
30TVK06,Bufo bufo
30TVK26,Bufo bufo
30TVK36,Bufo bufo
30TVK56,Bufo bufo
30TVK76,Bufo bufo
30TVK86,Bufo bufo
30TWK06,Bufo bufo
30TWK16,Bufo bufo
30TWK26,Bufo bufo
30TWK46,Bufo bufo
30TWK66,Bufo bufo
30TWK96,Bufo bufo
30TXK06,Bufo bufo
30TXK16,Bufo bufo
30TXK26,Bufo bufo
30TXK36,Bufo bufo
30TXK46,Bufo bufo
30TXK56,Bufo bufo
30TXK66,Bufo bufo
30TXK86,Bufo bufo
30TYK06,Bufo bufo
30TYK16,Bufo bufo
30TYK26,Bufo bufo
30TYK36,Bufo bufo
29TPE95,Bufo bufo
31TBE65,Bufo bufo
31TBE55,Bufo bufo
30TTK65,Bufo bufo
30TTK75,Bufo bufo
30TTK85,Bufo bufo
30TTK95,Bufo bufo
30TUK05,Bufo bufo
30TUK15,Bufo bufo
30TUK25,Bufo bufo
30TUK35,Bufo bufo
30TUK45,Bufo bufo
30TUK55,Bufo bufo
30TUK65,Bufo bufo
30TUK75,Bufo bufo
30TUK85,Bufo bufo
30TVK55,Bufo bufo
30TWK25,Bufo bufo
30TWK35,Bufo bufo
30TWK45,Bufo bufo
30TWK75,Bufo bufo
30TWK85,Bufo bufo
30TWK95,Bufo bufo
30TXK05,Bufo bufo
30TXK35,Bufo bufo
30TXK45,Bufo bufo
30TXK55,Bufo bufo
30TXK65,Bufo bufo
30TXK85,Bufo bufo
30TXK95,Bufo bufo
30TYK05,Bufo bufo
30TYK15,Bufo bufo
30TYK25,Bufo bufo
29TQE04,Bufo bufo
29TQE24,Bufo bufo
31TBE54,Bufo bufo
31TBE44,Bufo bufo
30TTK74,Bufo bufo
30TTK84,Bufo bufo
30TTK94,Bufo bufo
30TUK04,Bufo bufo
30TUK14,Bufo bufo
30TUK24,Bufo bufo
30TUK34,Bufo bufo
30TUK44,Bufo bufo
30TUK54,Bufo bufo
30TUK64,Bufo bufo
30TUK74,Bufo bufo
30TUK84,Bufo bufo
30TVK54,Bufo bufo
30TVK74,Bufo bufo
30TWK04,Bufo bufo
30TWK24,Bufo bufo
30TWK34,Bufo bufo
30TWK74,Bufo bufo
30TWK84,Bufo bufo
30TWK94,Bufo bufo
30TXK14,Bufo bufo
30TXK34,Bufo bufo
30TXK44,Bufo bufo
30TXK54,Bufo bufo
30TXK64,Bufo bufo
30TXK94,Bufo bufo
30TYK04,Bufo bufo
30TYK14,Bufo bufo
30TYK24,Bufo bufo
30TYK34,Bufo bufo
30TYK54,Bufo bufo
29TQE13,Bufo bufo
29TQE43,Bufo bufo
31TBE53,Bufo bufo
29TQE53,Bufo bufo
31TBE43,Bufo bufo
30TUK13,Bufo bufo
30TUK23,Bufo bufo
30TUK33,Bufo bufo
30TUK53,Bufo bufo
30TUK63,Bufo bufo
30TVK43,Bufo bufo
30TVK53,Bufo bufo
30TVK63,Bufo bufo
30TVK73,Bufo bufo
30TVK83,Bufo bufo
30TWK13,Bufo bufo
30TWK33,Bufo bufo
30TWK43,Bufo bufo
30TWK53,Bufo bufo
30TWK83,Bufo bufo
30TXK13,Bufo bufo
30TXK43,Bufo bufo
30TXK53,Bufo bufo
30TXK63,Bufo bufo
30TXK73,Bufo bufo
30TXK83,Bufo bufo
30TXK93,Bufo bufo
30TYK03,Bufo bufo
30TYK13,Bufo bufo
30TYK23,Bufo bufo
30TYK33,Bufo bufo
30TYK43,Bufo bufo
30TYK53,Bufo bufo
29SQE52,Bufo bufo
31SBE42,Bufo bufo
30SUK42,Bufo bufo
30SWK12,Bufo bufo
30SWK22,Bufo bufo
30SWK72,Bufo bufo
30SWK82,Bufo bufo
30SXK02,Bufo bufo
30SXK12,Bufo bufo
30SXK22,Bufo bufo
30SXK32,Bufo bufo
30SXK42,Bufo bufo
30SXK52,Bufo bufo
30SXK62,Bufo bufo
30SXK82,Bufo bufo
30SXK92,Bufo bufo
30SYK02,Bufo bufo
30SYK12,Bufo bufo
30SYK22,Bufo bufo
30SYK32,Bufo bufo
30SYK42,Bufo bufo
30SYK52,Bufo bufo
29SQE51,Bufo bufo
30STK41,Bufo bufo
30SUK51,Bufo bufo
30SUK91,Bufo bufo
30SVK11,Bufo bufo
30SVK31,Bufo bufo
30SWK11,Bufo bufo
30SWK71,Bufo bufo
30SXK31,Bufo bufo
30SXK41,Bufo bufo
30SXK51,Bufo bufo
30SXK61,Bufo bufo
30SXK71,Bufo bufo
30SXK81,Bufo bufo
30SXK91,Bufo bufo
30SYK01,Bufo bufo
30SYK11,Bufo bufo
30SYK21,Bufo bufo
30SYK31,Bufo bufo
30SYK41,Bufo bufo
30SYK51,Bufo bufo
29SQE40,Bufo bufo
29SQE50,Bufo bufo
30SUK10,Bufo bufo
30SUK40,Bufo bufo
30SUK80,Bufo bufo
30SUK90,Bufo bufo
30SVK00,Bufo bufo
30SVK10,Bufo bufo
30SVK50,Bufo bufo
30SWK30,Bufo bufo
30SWK80,Bufo bufo
30SWK90,Bufo bufo
30SXK00,Bufo bufo
30SXK10,Bufo bufo
30SXK30,Bufo bufo
30SXK40,Bufo bufo
30SXK50,Bufo bufo
30SXK60,Bufo bufo
30SXK70,Bufo bufo
30SXK80,Bufo bufo
30SXK90,Bufo bufo
30SYK00,Bufo bufo
30SYK10,Bufo bufo
30SYK20,Bufo bufo
29SQD39,Bufo bufo
30SUJ09,Bufo bufo
30SUJ19,Bufo bufo
30SUJ29,Bufo bufo
30SUJ39,Bufo bufo
30SUJ49,Bufo bufo
30SUJ59,Bufo bufo
30SUJ69,Bufo bufo
30SUJ79,Bufo bufo
30SUJ99,Bufo bufo
30SVJ09,Bufo bufo
30SWJ19,Bufo bufo
30SWJ39,Bufo bufo
30SWJ99,Bufo bufo
30SXJ09,Bufo bufo
30SXJ19,Bufo bufo
30SXJ29,Bufo bufo
30SXJ49,Bufo bufo
30SXJ59,Bufo bufo
30SXJ69,Bufo bufo
30SXJ79,Bufo bufo
30SXJ89,Bufo bufo
30SYJ09,Bufo bufo
30SYJ19,Bufo bufo
30SYJ29,Bufo bufo
30SYJ39,Bufo bufo
30STJ88,Bufo bufo
30STJ98,Bufo bufo
30SUJ18,Bufo bufo
30SUJ38,Bufo bufo
30SUJ48,Bufo bufo
30SUJ58,Bufo bufo
30SUJ68,Bufo bufo
30SUJ78,Bufo bufo
30SUJ88,Bufo bufo
30SUJ98,Bufo bufo
30SVJ08,Bufo bufo
30SVJ18,Bufo bufo
30SVJ38,Bufo bufo
30SWJ18,Bufo bufo
30SWJ38,Bufo bufo
30SXJ08,Bufo bufo
30SXJ58,Bufo bufo
30SXJ68,Bufo bufo
30SXJ78,Bufo bufo
30SXJ88,Bufo bufo
30SYJ08,Bufo bufo
30SYJ18,Bufo bufo
29SPD97,Bufo bufo
30STJ77,Bufo bufo
30STJ87,Bufo bufo
30STJ97,Bufo bufo
30SUJ27,Bufo bufo
30SUJ37,Bufo bufo
30SUJ47,Bufo bufo
30SUJ57,Bufo bufo
30SUJ67,Bufo bufo
30SUJ77,Bufo bufo
30SUJ87,Bufo bufo
30SUJ97,Bufo bufo
30SVJ07,Bufo bufo
30SVJ17,Bufo bufo
30SVJ77,Bufo bufo
30SWJ37,Bufo bufo
30SWJ77,Bufo bufo
30SXJ27,Bufo bufo
30SXJ37,Bufo bufo
30SXJ67,Bufo bufo
30SXJ77,Bufo bufo
30SXJ97,Bufo bufo
30SYJ07,Bufo bufo
30SYJ17,Bufo bufo
30SYJ27,Bufo bufo
29SPD86,Bufo bufo
29SQD56,Bufo bufo
30STJ66,Bufo bufo
30STJ76,Bufo bufo
30STJ86,Bufo bufo
30STJ96,Bufo bufo
30SUJ06,Bufo bufo
30SUJ26,Bufo bufo
30SUJ36,Bufo bufo
30SUJ46,Bufo bufo
30SUJ56,Bufo bufo
30SUJ66,Bufo bufo
30SUJ76,Bufo bufo
30SUJ86,Bufo bufo
30SUJ96,Bufo bufo
30SVJ06,Bufo bufo
30SVJ46,Bufo bufo
30SWJ16,Bufo bufo
30SWJ76,Bufo bufo
30SXJ36,Bufo bufo
30SXJ46,Bufo bufo
30SXJ66,Bufo bufo
30SXJ76,Bufo bufo
30SXJ86,Bufo bufo
30SYJ06,Bufo bufo
30SYJ26,Bufo bufo
29SQD55,Bufo bufo
30SUJ05,Bufo bufo
30SUJ15,Bufo bufo
30SUJ35,Bufo bufo
30SUJ45,Bufo bufo
30SUJ55,Bufo bufo
30SUJ65,Bufo bufo
30SUJ75,Bufo bufo
30SUJ85,Bufo bufo
30SUJ95,Bufo bufo
30SVJ05,Bufo bufo
30SVJ15,Bufo bufo
30SVJ35,Bufo bufo
30SVJ45,Bufo bufo
30SVJ55,Bufo bufo
30SWJ05,Bufo bufo
30SXJ55,Bufo bufo
30SXJ65,Bufo bufo
30SXJ75,Bufo bufo
30SXJ85,Bufo bufo
30SXJ95,Bufo bufo
30SYJ05,Bufo bufo
30SYJ15,Bufo bufo
30SYJ25,Bufo bufo
29SPD54,Bufo bufo
29SPD94,Bufo bufo
29SQD44,Bufo bufo
30SUJ04,Bufo bufo
30SUJ14,Bufo bufo
30SUJ44,Bufo bufo
30SUJ54,Bufo bufo
30SUJ64,Bufo bufo
30SUJ74,Bufo bufo
30SUJ84,Bufo bufo
30SUJ94,Bufo bufo
30SVJ04,Bufo bufo
30SVJ14,Bufo bufo
30SVJ24,Bufo bufo
30SVJ34,Bufo bufo
30SVJ44,Bufo bufo
30SVJ54,Bufo bufo
30SWJ24,Bufo bufo
30SXJ54,Bufo bufo
30SXJ64,Bufo bufo
30SXJ74,Bufo bufo
30SXJ84,Bufo bufo
30SXJ94,Bufo bufo
30SYJ14,Bufo bufo
30SYJ34,Bufo bufo
29SPD83,Bufo bufo
29SPD93,Bufo bufo
29SQD13,Bufo bufo
29SQD23,Bufo bufo
30SUJ03,Bufo bufo
30SUJ13,Bufo bufo
30SUJ23,Bufo bufo
30SUJ43,Bufo bufo
30SUJ53,Bufo bufo
30SUJ63,Bufo bufo
30SUJ73,Bufo bufo
30SUJ83,Bufo bufo
30SUJ93,Bufo bufo
30SVJ13,Bufo bufo
30SVJ33,Bufo bufo
30SVJ43,Bufo bufo
30SVJ53,Bufo bufo
30SXJ53,Bufo bufo
30SXJ63,Bufo bufo
30SXJ73,Bufo bufo
30SXJ83,Bufo bufo
30SXJ93,Bufo bufo
30SYJ03,Bufo bufo
30SYJ13,Bufo bufo
30SYJ23,Bufo bufo
30SYJ33,Bufo bufo
30SYJ43,Bufo bufo
29SPD82,Bufo bufo
29SQD52,Bufo bufo
30STJ92,Bufo bufo
30SUJ02,Bufo bufo
30SUJ12,Bufo bufo
30SUJ22,Bufo bufo
30SUJ32,Bufo bufo
30SUJ42,Bufo bufo
30SUJ52,Bufo bufo
30SUJ72,Bufo bufo
30SUJ82,Bufo bufo
30SUJ92,Bufo bufo
30SVJ32,Bufo bufo
30SVJ42,Bufo bufo
30SVJ52,Bufo bufo
30SVJ92,Bufo bufo
30SWJ02,Bufo bufo
30SWJ32,Bufo bufo
30SWJ52,Bufo bufo
30SWJ62,Bufo bufo
30SXJ52,Bufo bufo
30SXJ62,Bufo bufo
30SXJ72,Bufo bufo
30SXJ82,Bufo bufo
30SXJ92,Bufo bufo
30SYJ02,Bufo bufo
30SYJ12,Bufo bufo
30SYJ22,Bufo bufo
30SYJ32,Bufo bufo
30SYJ42,Bufo bufo
29SPD71,Bufo bufo
29SPD91,Bufo bufo
29SQD21,Bufo bufo
29SQD41,Bufo bufo
30STJ51,Bufo bufo
30SUJ21,Bufo bufo
30SUJ31,Bufo bufo
30SUJ41,Bufo bufo
30SUJ61,Bufo bufo
30SUJ71,Bufo bufo
30SUJ81,Bufo bufo
30SUJ91,Bufo bufo
30SVJ01,Bufo bufo
30SVJ11,Bufo bufo
30SVJ41,Bufo bufo
30SVJ61,Bufo bufo
30SVJ71,Bufo bufo
30SWJ01,Bufo bufo
30SWJ11,Bufo bufo
30SWJ51,Bufo bufo
30SXJ51,Bufo bufo
30SXJ61,Bufo bufo
30SXJ71,Bufo bufo
30SXJ81,Bufo bufo
30SXJ91,Bufo bufo
30SYJ11,Bufo bufo
30SYJ21,Bufo bufo
30SYJ31,Bufo bufo
30SYJ41,Bufo bufo
30SYJ51,Bufo bufo
29SPD60,Bufo bufo
29SPD70,Bufo bufo
31SBD50,Bufo bufo
29SQD50,Bufo bufo
31SBD40,Bufo bufo
31SBD30,Bufo bufo
30STJ60,Bufo bufo
30STJ70,Bufo bufo
30SUJ00,Bufo bufo
30SUJ20,Bufo bufo
30SUJ40,Bufo bufo
30SUJ60,Bufo bufo
30SUJ80,Bufo bufo
30SUJ90,Bufo bufo
30SVJ00,Bufo bufo
30SVJ10,Bufo bufo
30SVJ20,Bufo bufo
30SVJ30,Bufo bufo
30SVJ40,Bufo bufo
30SVJ70,Bufo bufo
30SVJ80,Bufo bufo
30SVJ90,Bufo bufo
30SWJ00,Bufo bufo
30SWJ10,Bufo bufo
30SWJ20,Bufo bufo
30SWJ30,Bufo bufo
30SWJ50,Bufo bufo
30SXJ90,Bufo bufo
30SYJ00,Bufo bufo
30SYJ20,Bufo bufo
30SYJ30,Bufo bufo
30SYJ40,Bufo bufo
30SYJ50,Bufo bufo
30SYJ60,Bufo bufo
29SPC79,Bufo bufo
29SQC49,Bufo bufo
31SBC59,Bufo bufo
31SBC49,Bufo bufo
31SBC39,Bufo bufo
30STH59,Bufo bufo
30STH69,Bufo bufo
30STH89,Bufo bufo
30SUH39,Bufo bufo
30SUH49,Bufo bufo
30SUH59,Bufo bufo
30SUH69,Bufo bufo
30SUH79,Bufo bufo
30SUH89,Bufo bufo
30SUH99,Bufo bufo
30SVH09,Bufo bufo
30SVH49,Bufo bufo
30SVH79,Bufo bufo
30SWH09,Bufo bufo
30SXH89,Bufo bufo
30SYH09,Bufo bufo
30SYH19,Bufo bufo
30SYH29,Bufo bufo
30SYH39,Bufo bufo
30SYH49,Bufo bufo
30SYH59,Bufo bufo
30SYH69,Bufo bufo
29SPC98,Bufo bufo
29SQC38,Bufo bufo
31SBC48,Bufo bufo
31SBC38,Bufo bufo
30STH48,Bufo bufo
30SUH08,Bufo bufo
30SUH18,Bufo bufo
30SUH28,Bufo bufo
30SUH38,Bufo bufo
30SUH48,Bufo bufo
30SUH58,Bufo bufo
30SUH68,Bufo bufo
30SUH78,Bufo bufo
30SUH88,Bufo bufo
30SUH98,Bufo bufo
30SVH08,Bufo bufo
30SVH38,Bufo bufo
30SVH78,Bufo bufo
30SVH88,Bufo bufo
30SVH98,Bufo bufo
30SWH18,Bufo bufo
30SWH28,Bufo bufo
30SWH48,Bufo bufo
30SXH48,Bufo bufo
30SXH58,Bufo bufo
30SXH68,Bufo bufo
30SXH78,Bufo bufo
30SXH98,Bufo bufo
30SYH08,Bufo bufo
30SYH18,Bufo bufo
30SYH28,Bufo bufo
30SYH38,Bufo bufo
30SYH48,Bufo bufo
30SYH58,Bufo bufo
30SYH68,Bufo bufo
29SPC57,Bufo bufo
29SQC07,Bufo bufo
29SQC47,Bufo bufo
29SQC57,Bufo bufo
30STH57,Bufo bufo
30STH77,Bufo bufo
30SUH17,Bufo bufo
30SUH37,Bufo bufo
30SUH47,Bufo bufo
30SUH57,Bufo bufo
30SUH67,Bufo bufo
30SUH77,Bufo bufo
30SUH87,Bufo bufo
30SUH97,Bufo bufo
30SVH07,Bufo bufo
30SVH17,Bufo bufo
30SVH37,Bufo bufo
30SVH47,Bufo bufo
30SVH67,Bufo bufo
30SVH77,Bufo bufo
30SWH07,Bufo bufo
30SWH17,Bufo bufo
30SWH47,Bufo bufo
30SWH57,Bufo bufo
30SWH67,Bufo bufo
30SWH77,Bufo bufo
30SXH47,Bufo bufo
30SXH57,Bufo bufo
30SXH67,Bufo bufo
30SYH17,Bufo bufo
30SYH37,Bufo bufo
30SYH47,Bufo bufo
30SYH57,Bufo bufo
29SPC76,Bufo bufo
29SPC86,Bufo bufo
29SQC06,Bufo bufo
29SQC16,Bufo bufo
30STH76,Bufo bufo
30STH86,Bufo bufo
30SUH06,Bufo bufo
30SUH26,Bufo bufo
30SUH46,Bufo bufo
30SUH56,Bufo bufo
30SUH66,Bufo bufo
30SUH76,Bufo bufo
30SUH86,Bufo bufo
30SUH96,Bufo bufo
30SVH06,Bufo bufo
30SVH16,Bufo bufo
30SVH26,Bufo bufo
30SVH46,Bufo bufo
30SVH56,Bufo bufo
30SVH96,Bufo bufo
30SWH06,Bufo bufo
30SWH26,Bufo bufo
30SWH36,Bufo bufo
30SWH46,Bufo bufo
30SWH56,Bufo bufo
30SWH66,Bufo bufo
30SWH76,Bufo bufo
30SWH86,Bufo bufo
30SWH96,Bufo bufo
30SXH36,Bufo bufo
30SXH46,Bufo bufo
30SXH56,Bufo bufo
30SXH66,Bufo bufo
30SYH06,Bufo bufo
30SYH16,Bufo bufo
30SYH26,Bufo bufo
30SYH36,Bufo bufo
30SYH46,Bufo bufo
29SPC65,Bufo bufo
29SPC75,Bufo bufo
29SPC95,Bufo bufo
29SQC05,Bufo bufo
29SQC15,Bufo bufo
29SQC25,Bufo bufo
29SQC55,Bufo bufo
30STH45,Bufo bufo
30STH55,Bufo bufo
30STH75,Bufo bufo
30STH85,Bufo bufo
30STH95,Bufo bufo
30SUH05,Bufo bufo
30SUH15,Bufo bufo
30SUH35,Bufo bufo
30SUH55,Bufo bufo
30SUH65,Bufo bufo
30SUH75,Bufo bufo
30SUH85,Bufo bufo
30SUH95,Bufo bufo
30SVH05,Bufo bufo
30SVH15,Bufo bufo
30SVH25,Bufo bufo
30SVH35,Bufo bufo
30SVH45,Bufo bufo
30SVH65,Bufo bufo
30SVH75,Bufo bufo
30SVH95,Bufo bufo
30SWH05,Bufo bufo
30SWH25,Bufo bufo
30SWH35,Bufo bufo
30SWH45,Bufo bufo
30SWH55,Bufo bufo
30SWH65,Bufo bufo
30SWH75,Bufo bufo
30SWH85,Bufo bufo
30SWH95,Bufo bufo
30SXH15,Bufo bufo
30SXH45,Bufo bufo
30SXH65,Bufo bufo
30SXH75,Bufo bufo
30SXH95,Bufo bufo
30SYH05,Bufo bufo
30SYH15,Bufo bufo
30SYH25,Bufo bufo
29SPC64,Bufo bufo
29SPC74,Bufo bufo
29SPC94,Bufo bufo
29SQC04,Bufo bufo
29SQC14,Bufo bufo
29SQC24,Bufo bufo
29SQC54,Bufo bufo
30STH44,Bufo bufo
30STH54,Bufo bufo
30SUH04,Bufo bufo
30SUH14,Bufo bufo
30SUH24,Bufo bufo
30SUH34,Bufo bufo
30SUH44,Bufo bufo
30SUH64,Bufo bufo
30SUH74,Bufo bufo
30SUH84,Bufo bufo
30SUH94,Bufo bufo
30SVH04,Bufo bufo
30SVH14,Bufo bufo
30SVH24,Bufo bufo
30SVH34,Bufo bufo
30SVH44,Bufo bufo
30SVH54,Bufo bufo
30SVH64,Bufo bufo
30SVH74,Bufo bufo
30SVH84,Bufo bufo
30SVH94,Bufo bufo
30SWH14,Bufo bufo
30SWH24,Bufo bufo
30SWH34,Bufo bufo
30SWH44,Bufo bufo
30SWH54,Bufo bufo
30SWH64,Bufo bufo
30SXH64,Bufo bufo
30SXH94,Bufo bufo
29SPC63,Bufo bufo
29SPC73,Bufo bufo
29SPC83,Bufo bufo
29SQC13,Bufo bufo
29SQC63,Bufo bufo
30STH33,Bufo bufo
30STH43,Bufo bufo
30STH53,Bufo bufo
30STH63,Bufo bufo
30STH73,Bufo bufo
30STH83,Bufo bufo
30STH93,Bufo bufo
30SUH03,Bufo bufo
30SUH13,Bufo bufo
30SUH23,Bufo bufo
30SUH33,Bufo bufo
30SUH43,Bufo bufo
30SUH53,Bufo bufo
30SUH73,Bufo bufo
30SUH83,Bufo bufo
30SUH93,Bufo bufo
30SVH03,Bufo bufo
30SVH43,Bufo bufo
30SVH53,Bufo bufo
30SVH93,Bufo bufo
30SWH23,Bufo bufo
30SWH33,Bufo bufo
30SWH43,Bufo bufo
30SWH53,Bufo bufo
30SWH83,Bufo bufo
30SXH13,Bufo bufo
30SXH23,Bufo bufo
30SXH33,Bufo bufo
30SXH43,Bufo bufo
30SXH53,Bufo bufo
30SXH83,Bufo bufo
30SXH93,Bufo bufo
30SYH03,Bufo bufo
29SPC72,Bufo bufo
29SPC82,Bufo bufo
29SPC92,Bufo bufo
29SQC02,Bufo bufo
29SQC12,Bufo bufo
29SQC22,Bufo bufo
29SQC32,Bufo bufo
29SQC42,Bufo bufo
29SQC52,Bufo bufo
29SQC62,Bufo bufo
30STH42,Bufo bufo
30STH52,Bufo bufo
30STH62,Bufo bufo
30STH72,Bufo bufo
30STH82,Bufo bufo
30STH92,Bufo bufo
30SUH02,Bufo bufo
30SUH12,Bufo bufo
30SUH22,Bufo bufo
30SUH32,Bufo bufo
30SUH42,Bufo bufo
30SUH62,Bufo bufo
30SUH72,Bufo bufo
30SUH82,Bufo bufo
30SVH02,Bufo bufo
30SVH12,Bufo bufo
30SVH22,Bufo bufo
30SVH42,Bufo bufo
30SVH52,Bufo bufo
30SVH72,Bufo bufo
30SWH02,Bufo bufo
30SWH12,Bufo bufo
30SWH22,Bufo bufo
30SWH42,Bufo bufo
30SWH52,Bufo bufo
30SWH62,Bufo bufo
30SXH12,Bufo bufo
30SXH42,Bufo bufo
30SXH72,Bufo bufo
30SXH92,Bufo bufo
30SYH02,Bufo bufo
29SPC61,Bufo bufo
29SPC71,Bufo bufo
29SPC81,Bufo bufo
29SPC91,Bufo bufo
29SQC01,Bufo bufo
29SQC11,Bufo bufo
29SQC31,Bufo bufo
29SQC41,Bufo bufo
29SQC51,Bufo bufo
29SQC61,Bufo bufo
30STH41,Bufo bufo
30STH51,Bufo bufo
30STH61,Bufo bufo
30STH81,Bufo bufo
30SUH11,Bufo bufo
30SUH21,Bufo bufo
30SUH31,Bufo bufo
30SUH41,Bufo bufo
30SUH51,Bufo bufo
30SUH71,Bufo bufo
30SUH81,Bufo bufo
30SUH91,Bufo bufo
30SVH01,Bufo bufo
30SVH11,Bufo bufo
30SVH21,Bufo bufo
30SWH01,Bufo bufo
30SWH11,Bufo bufo
30SWH21,Bufo bufo
30SWH31,Bufo bufo
30SWH41,Bufo bufo
30SWH51,Bufo bufo
30SWH61,Bufo bufo
30SXH31,Bufo bufo
30SXH51,Bufo bufo
30SXH71,Bufo bufo
30SXH81,Bufo bufo
30SXH91,Bufo bufo
30SYH01,Bufo bufo
29SPC50,Bufo bufo
29SPC60,Bufo bufo
29SPC70,Bufo bufo
29SPC80,Bufo bufo
29SPC90,Bufo bufo
29SQC00,Bufo bufo
29SQC10,Bufo bufo
29SQC20,Bufo bufo
29SQC40,Bufo bufo
29SQC50,Bufo bufo
29SQC60,Bufo bufo
30STH30,Bufo bufo
30STH40,Bufo bufo
30STH50,Bufo bufo
30STH60,Bufo bufo
30STH70,Bufo bufo
30STH80,Bufo bufo
30SUH20,Bufo bufo
30SUH30,Bufo bufo
30SUH40,Bufo bufo
30SUH80,Bufo bufo
30SVH60,Bufo bufo
30SVH70,Bufo bufo
30SVH90,Bufo bufo
30SWH00,Bufo bufo
30SWH10,Bufo bufo
30SWH20,Bufo bufo
30SWH30,Bufo bufo
30SWH40,Bufo bufo
30SWH50,Bufo bufo
30SXH10,Bufo bufo
30SXH20,Bufo bufo
30SXH50,Bufo bufo
30SXH60,Bufo bufo
29SPB59,Bufo bufo
29SPB69,Bufo bufo
29SPB79,Bufo bufo
29SPB89,Bufo bufo
29SPB99,Bufo bufo
29SQB09,Bufo bufo
29SQB19,Bufo bufo
29SQB29,Bufo bufo
29SQB39,Bufo bufo
29SQB49,Bufo bufo
29SQB59,Bufo bufo
29SQB69,Bufo bufo
30STG49,Bufo bufo
30STG59,Bufo bufo
30STG69,Bufo bufo
30STG79,Bufo bufo
30SUG29,Bufo bufo
30SUG39,Bufo bufo
30SUG49,Bufo bufo
30SUG59,Bufo bufo
30SUG69,Bufo bufo
30SVG69,Bufo bufo
30SVG99,Bufo bufo
30SWG09,Bufo bufo
30SWG19,Bufo bufo
30SWG29,Bufo bufo
30SWG39,Bufo bufo
30SWG49,Bufo bufo
30SWG59,Bufo bufo
30SWG69,Bufo bufo
30SWG79,Bufo bufo
30SWG89,Bufo bufo
30SXG29,Bufo bufo
30SXG39,Bufo bufo
30SXG69,Bufo bufo
30SXG89,Bufo bufo
30SXG99,Bufo bufo
29SPB38,Bufo bufo
29SPB48,Bufo bufo
29SPB58,Bufo bufo
29SPB68,Bufo bufo
29SPB78,Bufo bufo
29SPB98,Bufo bufo
29SQB08,Bufo bufo
29SQB18,Bufo bufo
29SQB38,Bufo bufo
29SQB48,Bufo bufo
29SQB58,Bufo bufo
30STG48,Bufo bufo
30STG58,Bufo bufo
30STG68,Bufo bufo
30STG78,Bufo bufo
30STG88,Bufo bufo
30STG98,Bufo bufo
30SUG18,Bufo bufo
30SUG38,Bufo bufo
30SUG78,Bufo bufo
30SVG38,Bufo bufo
30SVG48,Bufo bufo
30SVG58,Bufo bufo
30SVG88,Bufo bufo
30SVG98,Bufo bufo
30SWG28,Bufo bufo
30SWG38,Bufo bufo
30SWG48,Bufo bufo
30SXG28,Bufo bufo
30SXG38,Bufo bufo
29SPB37,Bufo bufo
29SPB47,Bufo bufo
29SPB57,Bufo bufo
29SPB67,Bufo bufo
29SPB77,Bufo bufo
29SPB87,Bufo bufo
29SPB97,Bufo bufo
29SQB07,Bufo bufo
29SQB17,Bufo bufo
29SQB27,Bufo bufo
29SQB37,Bufo bufo
29SQB67,Bufo bufo
30STG47,Bufo bufo
30STG57,Bufo bufo
30STG67,Bufo bufo
30STG97,Bufo bufo
30SUG17,Bufo bufo
30SUG37,Bufo bufo
30SUG47,Bufo bufo
30SUG57,Bufo bufo
30SUG77,Bufo bufo
30SVG27,Bufo bufo
30SVG47,Bufo bufo
30SVG97,Bufo bufo
30SWG07,Bufo bufo
30SWG17,Bufo bufo
30SWG27,Bufo bufo
30SWG37,Bufo bufo
30SWG77,Bufo bufo
30SXG17,Bufo bufo
30SXG27,Bufo bufo
29SPB36,Bufo bufo
29SPB56,Bufo bufo
29SPB66,Bufo bufo
29SPB76,Bufo bufo
29SPB86,Bufo bufo
29SPB96,Bufo bufo
29SQB06,Bufo bufo
29SQB16,Bufo bufo
29SQB26,Bufo bufo
29SQB36,Bufo bufo
29SQB46,Bufo bufo
29SQB56,Bufo bufo
30STG56,Bufo bufo
30STG86,Bufo bufo
30SUG56,Bufo bufo
30SUG86,Bufo bufo
30SVG16,Bufo bufo
30SVG26,Bufo bufo
30SWG06,Bufo bufo
30SWG16,Bufo bufo
30SWG26,Bufo bufo
30SWG86,Bufo bufo
30SYG06,Bufo bufo
29SPB35,Bufo bufo
29SPB45,Bufo bufo
29SPB55,Bufo bufo
29SPB65,Bufo bufo
29SPB75,Bufo bufo
29SPB85,Bufo bufo
29SPB95,Bufo bufo
29SQB05,Bufo bufo
29SQB15,Bufo bufo
29SQB35,Bufo bufo
29SQB45,Bufo bufo
29SQB55,Bufo bufo
29SQB65,Bufo bufo
30STG45,Bufo bufo
30SUG45,Bufo bufo
30SUG75,Bufo bufo
30SUG85,Bufo bufo
30SVG25,Bufo bufo
30SVG35,Bufo bufo
30SVG45,Bufo bufo
30SVG55,Bufo bufo
30SVG65,Bufo bufo
30SVG95,Bufo bufo
30SWG05,Bufo bufo
30SWG15,Bufo bufo
30SWG25,Bufo bufo
30SWG35,Bufo bufo
30SXG65,Bufo bufo
29SPB34,Bufo bufo
29SPB44,Bufo bufo
29SPB54,Bufo bufo
29SPB64,Bufo bufo
29SPB74,Bufo bufo
29SPB84,Bufo bufo
29SPB94,Bufo bufo
29SQB04,Bufo bufo
29SQB14,Bufo bufo
29SQB24,Bufo bufo
29SQB34,Bufo bufo
29SQB64,Bufo bufo
30STG44,Bufo bufo
30SUG54,Bufo bufo
30SUG74,Bufo bufo
30SUG84,Bufo bufo
30SVG04,Bufo bufo
30SVG14,Bufo bufo
30SVG34,Bufo bufo
30SVG44,Bufo bufo
30SVG64,Bufo bufo
30SVG74,Bufo bufo
30SWG14,Bufo bufo
30SWG24,Bufo bufo
30SWG44,Bufo bufo
30SXG14,Bufo bufo
30SXG24,Bufo bufo
29SPB33,Bufo bufo
29SPB43,Bufo bufo
29SPB53,Bufo bufo
29SPB63,Bufo bufo
29SPB73,Bufo bufo
29SPB83,Bufo bufo
29SPB93,Bufo bufo
29SQB03,Bufo bufo
29SQB13,Bufo bufo
29SQB63,Bufo bufo
30SUG73,Bufo bufo
30SUG83,Bufo bufo
30SVG03,Bufo bufo
30SVG13,Bufo bufo
30SVG23,Bufo bufo
30SVG33,Bufo bufo
30SVG43,Bufo bufo
30SVG73,Bufo bufo
30SVG83,Bufo bufo
30SVG93,Bufo bufo
30SWG03,Bufo bufo
30SWG13,Bufo bufo
30SWG23,Bufo bufo
30SWG43,Bufo bufo
30SWG83,Bufo bufo
30SWG93,Bufo bufo
30SXG13,Bufo bufo
29SPB32,Bufo bufo
29SPB42,Bufo bufo
29SPB52,Bufo bufo
29SPB62,Bufo bufo
29SPB72,Bufo bufo
29SPB82,Bufo bufo
29SPB92,Bufo bufo
29SQB02,Bufo bufo
29SQB12,Bufo bufo
29SQB22,Bufo bufo
29SQB32,Bufo bufo
30SUG12,Bufo bufo
30SUG42,Bufo bufo
30SUG82,Bufo bufo
30SUG92,Bufo bufo
30SVG02,Bufo bufo
30SVG12,Bufo bufo
30SVG22,Bufo bufo
30SVG32,Bufo bufo
30SVG42,Bufo bufo
30SVG62,Bufo bufo
30SVG72,Bufo bufo
30SVG92,Bufo bufo
30SWG02,Bufo bufo
30SWG82,Bufo bufo
30SWG92,Bufo bufo
29SPB51,Bufo bufo
29SPB81,Bufo bufo
29SPB91,Bufo bufo
29SQB01,Bufo bufo
29SQB21,Bufo bufo
29SQB31,Bufo bufo
30STG51,Bufo bufo
30STG61,Bufo bufo
30STG91,Bufo bufo
30SUG41,Bufo bufo
30SUG51,Bufo bufo
30SUG71,Bufo bufo
30SUG81,Bufo bufo
30SUG91,Bufo bufo
30SVG01,Bufo bufo
30SVG11,Bufo bufo
30SVG41,Bufo bufo
30SVG51,Bufo bufo
30SVG61,Bufo bufo
30SVG81,Bufo bufo
30SVG91,Bufo bufo
30SWG11,Bufo bufo
30SWG21,Bufo bufo
30SWG41,Bufo bufo
30SWG51,Bufo bufo
30SWG61,Bufo bufo
30SWG81,Bufo bufo
30SWG91,Bufo bufo
30SXG01,Bufo bufo
29SPB90,Bufo bufo
29SQB00,Bufo bufo
29SQB10,Bufo bufo
29SQB20,Bufo bufo
30STG50,Bufo bufo
30STG60,Bufo bufo
30STG90,Bufo bufo
30SUG30,Bufo bufo
30SUG40,Bufo bufo
30SUG50,Bufo bufo
30SUG70,Bufo bufo
30SUG80,Bufo bufo
30SUG90,Bufo bufo
30SVG00,Bufo bufo
30SVG10,Bufo bufo
30SVG20,Bufo bufo
30SVG30,Bufo bufo
30SVG40,Bufo bufo
30SVG50,Bufo bufo
30SVG60,Bufo bufo
30SVG70,Bufo bufo
30SVG80,Bufo bufo
30SVG90,Bufo bufo
30SWG00,Bufo bufo
30SWG10,Bufo bufo
30SWG20,Bufo bufo
30SWG30,Bufo bufo
30SWG70,Bufo bufo
30SWG80,Bufo bufo
30SWG90,Bufo bufo
29SQA19,Bufo bufo
29SQA29,Bufo bufo
30STF59,Bufo bufo
30STF69,Bufo bufo
30STF89,Bufo bufo
30STF99,Bufo bufo
30SUF39,Bufo bufo
30SUF49,Bufo bufo
30SUF59,Bufo bufo
30SUF69,Bufo bufo
30SUF79,Bufo bufo
30SUF89,Bufo bufo
30SUF99,Bufo bufo
30SVF09,Bufo bufo
30SVF19,Bufo bufo
30SVF29,Bufo bufo
30SVF39,Bufo bufo
30SVF49,Bufo bufo
30SVF59,Bufo bufo
30SVF69,Bufo bufo
30SVF79,Bufo bufo
30SVF89,Bufo bufo
30SVF99,Bufo bufo
30SWF09,Bufo bufo
30SWF19,Bufo bufo
30SWF29,Bufo bufo
30SWF39,Bufo bufo
30SWF59,Bufo bufo
30SWF79,Bufo bufo
30SWF89,Bufo bufo
30SWF99,Bufo bufo
30STF38,Bufo bufo
30STF48,Bufo bufo
30STF68,Bufo bufo
30STF78,Bufo bufo
30STF88,Bufo bufo
30STF98,Bufo bufo
30SUF18,Bufo bufo
30SUF28,Bufo bufo
30SUF38,Bufo bufo
30SUF48,Bufo bufo
30SUF68,Bufo bufo
30SUF78,Bufo bufo
30SUF88,Bufo bufo
30SUF98,Bufo bufo
30SVF08,Bufo bufo
30SVF18,Bufo bufo
30SVF28,Bufo bufo
30SVF38,Bufo bufo
30SVF58,Bufo bufo
30SVF68,Bufo bufo
30SVF78,Bufo bufo
30SVF88,Bufo bufo
30SVF98,Bufo bufo
30SWF18,Bufo bufo
30SWF38,Bufo bufo
30SWF48,Bufo bufo
30SWF58,Bufo bufo
30SWF88,Bufo bufo
29SQA37,Bufo bufo
29SQA47,Bufo bufo
30STF57,Bufo bufo
30STF67,Bufo bufo
30STF77,Bufo bufo
30STF87,Bufo bufo
30STF97,Bufo bufo
30SUF07,Bufo bufo
30SUF17,Bufo bufo
30SUF27,Bufo bufo
30SUF37,Bufo bufo
30SUF47,Bufo bufo
30SUF57,Bufo bufo
30SUF67,Bufo bufo
30SUF77,Bufo bufo
30SUF87,Bufo bufo
30SUF97,Bufo bufo
30SVF07,Bufo bufo
30SVF17,Bufo bufo
30SVF27,Bufo bufo
30SVF37,Bufo bufo
30SVF47,Bufo bufo
30SVF57,Bufo bufo
30SVF67,Bufo bufo
30SVF77,Bufo bufo
30SVF87,Bufo bufo
30SVF97,Bufo bufo
30SWF07,Bufo bufo
30SWF17,Bufo bufo
30SWF47,Bufo bufo
30SWF57,Bufo bufo
30SWF67,Bufo bufo
30SWF77,Bufo bufo
30SWF87,Bufo bufo
29SQA36,Bufo bufo
29SQA56,Bufo bufo
29SQA66,Bufo bufo
30STF36,Bufo bufo
30STF46,Bufo bufo
30STF56,Bufo bufo
30STF66,Bufo bufo
30STF76,Bufo bufo
30STF86,Bufo bufo
30STF96,Bufo bufo
30SUF06,Bufo bufo
30SUF16,Bufo bufo
30SUF26,Bufo bufo
30SUF36,Bufo bufo
30SUF46,Bufo bufo
30SUF56,Bufo bufo
30SUF66,Bufo bufo
30SUF76,Bufo bufo
30SUF86,Bufo bufo
30SUF96,Bufo bufo
30SVF06,Bufo bufo
30SVF16,Bufo bufo
30SVF26,Bufo bufo
30SVF36,Bufo bufo
30SVF46,Bufo bufo
30SVF56,Bufo bufo
30SVF66,Bufo bufo
30SVF76,Bufo bufo
30SVF86,Bufo bufo
30SVF96,Bufo bufo
30SWF06,Bufo bufo
30SWF16,Bufo bufo
30SWF76,Bufo bufo
29SQA45,Bufo bufo
29SQA65,Bufo bufo
30STF45,Bufo bufo
30STF55,Bufo bufo
30STF65,Bufo bufo
30STF75,Bufo bufo
30STF85,Bufo bufo
30STF95,Bufo bufo
30SUF05,Bufo bufo
30SUF15,Bufo bufo
30SUF25,Bufo bufo
30SUF35,Bufo bufo
30SUF45,Bufo bufo
30SUF55,Bufo bufo
30SUF65,Bufo bufo
29SQA54,Bufo bufo
29SQA64,Bufo bufo
30STF44,Bufo bufo
30STF54,Bufo bufo
30STF64,Bufo bufo
30STF74,Bufo bufo
30STF84,Bufo bufo
30STF94,Bufo bufo
30SUF04,Bufo bufo
30SUF14,Bufo bufo
30SUF24,Bufo bufo
30SUF34,Bufo bufo
30SUF54,Bufo bufo
29SQA43,Bufo bufo
29SQA53,Bufo bufo
29SQA63,Bufo bufo
30STF33,Bufo bufo
30STF43,Bufo bufo
30STF53,Bufo bufo
30STF63,Bufo bufo
30STF73,Bufo bufo
30STF83,Bufo bufo
30STF93,Bufo bufo
30SUF03,Bufo bufo
30SUF13,Bufo bufo
30SUF23,Bufo bufo
29SQA52,Bufo bufo
29SQA62,Bufo bufo
30STF32,Bufo bufo
30STF42,Bufo bufo
30STF52,Bufo bufo
30STF62,Bufo bufo
30STF72,Bufo bufo
30STF82,Bufo bufo
30STF92,Bufo bufo
29SQA61,Bufo bufo
30STF31,Bufo bufo
30STF41,Bufo bufo
30STF51,Bufo bufo
30STF61,Bufo bufo
30STF71,Bufo bufo
30STF81,Bufo bufo
30STF91,Bufo bufo
29SQA60,Bufo bufo
30STF30,Bufo bufo
30STF40,Bufo bufo
30STF50,Bufo bufo
30STF60,Bufo bufo
30STF70,Bufo bufo
30STF80,Bufo bufo
30STE49,Bufo bufo
30STE59,Bufo bufo
30STE69,Bufo bufo
30STE79,Bufo bufo
30STE89,Bufo bufo
30STE68,Bufo bufo
28RFT44,Crocidura canariens
28RFT42,Crocidura canariens
28RFT21,Crocidura canariens
28RFT31,Crocidura canariens
28RFT41,Crocidura canariens
28RFT51,Crocidura canariens
28RFT10,Crocidura canariens
28RFT20,Crocidura canariens
28RFT30,Crocidura canariens
28RFT40,Crocidura canariens
28RFS19,Crocidura canariens
28RFS18,Crocidura canariens
28RES97,Crocidura canariens
28RFS07,Crocidura canariens
28RES96,Crocidura canariens
28RFS06,Crocidura canariens
28RES95,Crocidura canariens
28RFS05,Crocidura canariens
28RES84,Crocidura canariens
28RES94,Crocidura canariens
28RFS04,Crocidura canariens
28RES83,Crocidura canariens
28RES93,Crocidura canariens
28RFS03,Crocidura canariens
28RES82,Crocidura canariens
28RES92,Crocidura canariens
28RFS02,Crocidura canariens
28RES71,Crocidura canariens
28RES50,Crocidura canariens
28RES60,Crocidura canariens
28RCS54,Fringilla teydea
28RCS64,Fringilla teydea
28RCS23,Fringilla teydea
28RCS33,Fringilla teydea
28RCS43,Fringilla teydea
28RCS53,Fringilla teydea
28RCS63,Fringilla teydea
28RCS22,Fringilla teydea
28RCS32,Fringilla teydea
28RCS42,Fringilla teydea
28RCS52,Fringilla teydea
28RCS31,Fringilla teydea
28RCS41,Fringilla teydea
28RDS30,Fringilla teydea
28RDR29,Fringilla teydea
28RDR39,Fringilla teydea
28RDR28,Fringilla teydea
28RDR38,Fringilla teydea
28RBS28,Plecotus tenerifae
28RBS38,Plecotus tenerifae
28RBS17,Plecotus tenerifae
28RBS27,Plecotus tenerifae
28RBS37,Plecotus tenerifae
28RBS16,Plecotus tenerifae
28RBS26,Plecotus tenerifae
28RBS25,Plecotus tenerifae
28RCS34,Plecotus tenerifae
28RCS44,Plecotus tenerifae
28RCS54,Plecotus tenerifae
28RCS64,Plecotus tenerifae
28RCS74,Plecotus tenerifae
28RCS23,Plecotus tenerifae
28RCS33,Plecotus tenerifae
28RCS43,Plecotus tenerifae
28RCS53,Plecotus tenerifae
28RCS63,Plecotus tenerifae
28RCS22,Plecotus tenerifae
28RCS32,Plecotus tenerifae
28RCS42,Plecotus tenerifae
28RCS52,Plecotus tenerifae
28RCS31,Plecotus tenerifae
28RCS41,Plecotus tenerifae
28RYL97,Plecotus tenerifae
28RBR07,Plecotus tenerifae
28RBR17,Plecotus tenerifae
28RBR06,Plecotus tenerifae
28RFT42,Streptopelia roseogrisea f. risoria
28RFT31,Streptopelia roseogrisea f. risoria
28RFT41,Streptopelia roseogrisea f. risoria
28RFT30,Streptopelia roseogrisea f. risoria
28RFT40,Streptopelia roseogrisea f. risoria
28RFS19,Streptopelia roseogrisea f. risoria
28RFS39,Streptopelia roseogrisea f. risoria
28RBS17,Streptopelia roseogrisea f. risoria
28RBS27,Streptopelia roseogrisea f. risoria
28RFS17,Streptopelia roseogrisea f. risoria
28RCS75,Streptopelia roseogrisea f. risoria
28RCS85,Streptopelia roseogrisea f. risoria
28RFS05,Streptopelia roseogrisea f. risoria
28RFS15,Streptopelia roseogrisea f. risoria
28RCS44,Streptopelia roseogrisea f. risoria
28RCS54,Streptopelia roseogrisea f. risoria
28RCS74,Streptopelia roseogrisea f. risoria
28RES94,Streptopelia roseogrisea f. risoria
28RFS14,Streptopelia roseogrisea f. risoria
28RCS63,Streptopelia roseogrisea f. risoria
28RBS81,Streptopelia roseogrisea f. risoria
28RDS31,Streptopelia roseogrisea f. risoria
28RDS41,Streptopelia roseogrisea f. risoria
28RDS51,Streptopelia roseogrisea f. risoria
28RES81,Streptopelia roseogrisea f. risoria
28RBS80,Streptopelia roseogrisea f. risoria
28RBS90,Streptopelia roseogrisea f. risoria
28RCS20,Streptopelia roseogrisea f. risoria
28RCS30,Streptopelia roseogrisea f. risoria
28RCS40,Streptopelia roseogrisea f. risoria
28RDS30,Streptopelia roseogrisea f. risoria
28RDS40,Streptopelia roseogrisea f. risoria
28RDS50,Streptopelia roseogrisea f. risoria
28RES60,Streptopelia roseogrisea f. risoria
28RCR39,Streptopelia roseogrisea f. risoria
28RDR59,Streptopelia roseogrisea f. risoria
28RDR69,Streptopelia roseogrisea f. risoria
28RDR58,Streptopelia roseogrisea f. risoria
28RDR47,Streptopelia roseogrisea f. risoria
28RDR57,Streptopelia roseogrisea f. risoria
28RDR46,Streptopelia roseogrisea f. risoria
29TNG57,Streptopelia roseogrisea f. risoria
31TDF17,Streptopelia roseogrisea f. risoria
31TCF57,Streptopelia roseogrisea f. risoria
31TBE65,Streptopelia roseogrisea f. risoria
31TBE43,Streptopelia roseogrisea f. risoria
30TVK53,Streptopelia roseogrisea f. risoria
31SBE42,Streptopelia roseogrisea f. risoria
30SYK52,Streptopelia roseogrisea f. risoria
30SYK51,Streptopelia roseogrisea f. risoria
31SED39,Streptopelia roseogrisea f. risoria
31SDD68,Streptopelia roseogrisea f. risoria
30SYJ27,Streptopelia roseogrisea f. risoria
30SYJ16,Streptopelia roseogrisea f. risoria
30SYJ26,Streptopelia roseogrisea f. risoria
30SYJ33,Streptopelia roseogrisea f. risoria
31SBD50,Streptopelia roseogrisea f. risoria
31SBD40,Streptopelia roseogrisea f. risoria
30SXG79,Streptopelia roseogrisea f. risoria
30SUF76,Streptopelia roseogrisea f. risoria
30TTN54,Vipera latasti
30TTN64,Vipera latasti
30TTN84,Vipera latasti
30TUN44,Vipera latasti
30TVN24,Vipera latasti
30TTN53,Vipera latasti
30TTN63,Vipera latasti
30TUN93,Vipera latasti
30TVN33,Vipera latasti
30TVN43,Vipera latasti
30TVN53,Vipera latasti
30TVN63,Vipera latasti
30TVN73,Vipera latasti
30TVN02,Vipera latasti
30TVN22,Vipera latasti
30TVN32,Vipera latasti
30TVN42,Vipera latasti
30TVN62,Vipera latasti
30TVN72,Vipera latasti
30TVN82,Vipera latasti
30TVN92,Vipera latasti
31TBH61,Vipera latasti
30TVN31,Vipera latasti
30TVN41,Vipera latasti
30TYN21,Vipera latasti
31TBH60,Vipera latasti
30TVN40,Vipera latasti
30TVN50,Vipera latasti
30TXN30,Vipera latasti
30TXN40,Vipera latasti
30TXN50,Vipera latasti
30TXN60,Vipera latasti
30TXN70,Vipera latasti
30TVM09,Vipera latasti
30TVM19,Vipera latasti
30TVM59,Vipera latasti
30TVM69,Vipera latasti
30TXM49,Vipera latasti
30TXM59,Vipera latasti
30TXM69,Vipera latasti
30TXM79,Vipera latasti
30TXM89,Vipera latasti
30TXM99,Vipera latasti
30TYM19,Vipera latasti
29TQG28,Vipera latasti
30TVM48,Vipera latasti
30TVM58,Vipera latasti
30TVM68,Vipera latasti
30TVM98,Vipera latasti
30TXM68,Vipera latasti
30TXM78,Vipera latasti
30TXM88,Vipera latasti
30TYM38,Vipera latasti
30TYM48,Vipera latasti
31TCG47,Vipera latasti
29TQG07,Vipera latasti
30TVM47,Vipera latasti
30TVM57,Vipera latasti
30TVM67,Vipera latasti
30TXM67,Vipera latasti
29TPG36,Vipera latasti
29TPG46,Vipera latasti
31TCG56,Vipera latasti
29TPG86,Vipera latasti
29TQG16,Vipera latasti
29TNG75,Vipera latasti
30TVM16,Vipera latasti
30TVM36,Vipera latasti
30TVM46,Vipera latasti
30TVM56,Vipera latasti
30TVM66,Vipera latasti
30TVM76,Vipera latasti
30TWM76,Vipera latasti
29TPG65,Vipera latasti
29TNG64,Vipera latasti
29TNG74,Vipera latasti
29TQG25,Vipera latasti
30TVM15,Vipera latasti
30TVM35,Vipera latasti
30TVM45,Vipera latasti
30TVM55,Vipera latasti
30TVM65,Vipera latasti
30TVM75,Vipera latasti
30TWM15,Vipera latasti
30TWM35,Vipera latasti
30TWM65,Vipera latasti
30TXM35,Vipera latasti
29TPG24,Vipera latasti
29TPG64,Vipera latasti
29TPG94,Vipera latasti
31TDG43,Vipera latasti
29TNG63,Vipera latasti
29TNG73,Vipera latasti
31TDG13,Vipera latasti
30TVM24,Vipera latasti
30TVM34,Vipera latasti
30TVM44,Vipera latasti
30TVM54,Vipera latasti
30TVM64,Vipera latasti
30TVM74,Vipera latasti
30TVM84,Vipera latasti
30TWM14,Vipera latasti
30TWM24,Vipera latasti
30TWM34,Vipera latasti
30TWM44,Vipera latasti
30TWM54,Vipera latasti
30TWM64,Vipera latasti
30TWM74,Vipera latasti
30TWM94,Vipera latasti
29TNG72,Vipera latasti
31TDG22,Vipera latasti
29TQG33,Vipera latasti
30TVM23,Vipera latasti
30TVM33,Vipera latasti
30TVM53,Vipera latasti
30TVM63,Vipera latasti
30TVM73,Vipera latasti
30TVM83,Vipera latasti
30TVM93,Vipera latasti
30TWM13,Vipera latasti
30TWM23,Vipera latasti
30TWM33,Vipera latasti
30TWM43,Vipera latasti
30TWM53,Vipera latasti
30TWM63,Vipera latasti
30TWM73,Vipera latasti
30TWM83,Vipera latasti
30TWM93,Vipera latasti
31TDG71,Vipera latasti
31TDG61,Vipera latasti
31TDG41,Vipera latasti
31TDG31,Vipera latasti
31TDG21,Vipera latasti
31TDG11,Vipera latasti
30TUM12,Vipera latasti
30TUM22,Vipera latasti
30TVM22,Vipera latasti
30TVM42,Vipera latasti
30TVM52,Vipera latasti
30TVM72,Vipera latasti
30TVM82,Vipera latasti
30TVM92,Vipera latasti
30TWM02,Vipera latasti
30TWM12,Vipera latasti
30TWM22,Vipera latasti
30TWM32,Vipera latasti
30TWM42,Vipera latasti
30TWM52,Vipera latasti
30TWM62,Vipera latasti
30TWM72,Vipera latasti
30TWM82,Vipera latasti
30TWM92,Vipera latasti
30TXM02,Vipera latasti
30TXM92,Vipera latasti
30TYM02,Vipera latasti
31TDG70,Vipera latasti
31TCG01,Vipera latasti
31TDG10,Vipera latasti
31TDG00,Vipera latasti
31TCG90,Vipera latasti
30TUM11,Vipera latasti
30TVM21,Vipera latasti
30TVM41,Vipera latasti
30TVM61,Vipera latasti
30TVM71,Vipera latasti
30TVM81,Vipera latasti
30TVM91,Vipera latasti
30TWM01,Vipera latasti
30TWM11,Vipera latasti
30TWM21,Vipera latasti
30TWM31,Vipera latasti
30TWM41,Vipera latasti
30TWM51,Vipera latasti
30TWM81,Vipera latasti
30TWM91,Vipera latasti
30TXM01,Vipera latasti
30TYM21,Vipera latasti
31TCG60,Vipera latasti
31TCG50,Vipera latasti
31TCG40,Vipera latasti
30TVM40,Vipera latasti
30TVM50,Vipera latasti
30TVM60,Vipera latasti
30TVM70,Vipera latasti
30TVM90,Vipera latasti
30TWM10,Vipera latasti
30TWM20,Vipera latasti
30TWM30,Vipera latasti
30TWM40,Vipera latasti
30TWM60,Vipera latasti
30TWM80,Vipera latasti
30TXM60,Vipera latasti
31TCF89,Vipera latasti
31TCF79,Vipera latasti
31TCF59,Vipera latasti
31TCF49,Vipera latasti
31TCF39,Vipera latasti
31TDF38,Vipera latasti
31TDF28,Vipera latasti
31TDF18,Vipera latasti
29TQF39,Vipera latasti
31TDF08,Vipera latasti
29TQF49,Vipera latasti
30TTL99,Vipera latasti
30TUL79,Vipera latasti
30TVL09,Vipera latasti
30TVL19,Vipera latasti
30TVL39,Vipera latasti
30TVL49,Vipera latasti
30TVL89,Vipera latasti
30TVL99,Vipera latasti
30TWL09,Vipera latasti
30TWL19,Vipera latasti
30TWL39,Vipera latasti
30TWL49,Vipera latasti
30TWL59,Vipera latasti
30TWL79,Vipera latasti
30TYL49,Vipera latasti
31TCF88,Vipera latasti
31TCF78,Vipera latasti
31TCF68,Vipera latasti
31TCF38,Vipera latasti
31TDF17,Vipera latasti
31TBF68,Vipera latasti
31TDF07,Vipera latasti
31TCF97,Vipera latasti
30TVL48,Vipera latasti
30TVL78,Vipera latasti
30TVL88,Vipera latasti
30TVL98,Vipera latasti
30TWL08,Vipera latasti
30TWL28,Vipera latasti
30TWL58,Vipera latasti
30TWL68,Vipera latasti
30TWL88,Vipera latasti
30TXL78,Vipera latasti
31TCF87,Vipera latasti
31TCF67,Vipera latasti
31TCF47,Vipera latasti
31TCF37,Vipera latasti
31TCF27,Vipera latasti
29TQF17,Vipera latasti
31TDF06,Vipera latasti
30TUL67,Vipera latasti
30TVL67,Vipera latasti
30TVL77,Vipera latasti
30TVL87,Vipera latasti
30TVL97,Vipera latasti
30TWL07,Vipera latasti
30TWL17,Vipera latasti
30TWL27,Vipera latasti
30TWL37,Vipera latasti
30TWL47,Vipera latasti
30TWL57,Vipera latasti
30TWL67,Vipera latasti
31TCF26,Vipera latasti
29TQF16,Vipera latasti
30TVL56,Vipera latasti
30TVL66,Vipera latasti
30TVL76,Vipera latasti
30TVL86,Vipera latasti
30TVL96,Vipera latasti
30TWL16,Vipera latasti
30TWL26,Vipera latasti
30TWL36,Vipera latasti
30TWL46,Vipera latasti
30TWL56,Vipera latasti
30TWL66,Vipera latasti
30TWL76,Vipera latasti
30TYL16,Vipera latasti
31TCF65,Vipera latasti
31TCF55,Vipera latasti
31TCF45,Vipera latasti
31TCF25,Vipera latasti
30TVL55,Vipera latasti
30TVL75,Vipera latasti
30TVL85,Vipera latasti
30TWL35,Vipera latasti
30TWL45,Vipera latasti
30TWL55,Vipera latasti
30TWL65,Vipera latasti
30TYL05,Vipera latasti
30TYL15,Vipera latasti
31TCF24,Vipera latasti
29TPF94,Vipera latasti
30TVL34,Vipera latasti
30TVL54,Vipera latasti
30TVL64,Vipera latasti
30TVL74,Vipera latasti
30TVL84,Vipera latasti
30TWL34,Vipera latasti
30TWL44,Vipera latasti
30TWL54,Vipera latasti
30TWL74,Vipera latasti
30TXL04,Vipera latasti
30TXL24,Vipera latasti
30TXL34,Vipera latasti
30TXL54,Vipera latasti
30TXL64,Vipera latasti
29TPF83,Vipera latasti
30TVL13,Vipera latasti
30TVL73,Vipera latasti
30TXL23,Vipera latasti
30TXL73,Vipera latasti
31TBF92,Vipera latasti
31TBF72,Vipera latasti
31TBF62,Vipera latasti
30TVL12,Vipera latasti
30TVL22,Vipera latasti
30TVL32,Vipera latasti
30TVL52,Vipera latasti
30TWL62,Vipera latasti
30TXL22,Vipera latasti
30TXL52,Vipera latasti
30TXL62,Vipera latasti
30TXL82,Vipera latasti
30TYL02,Vipera latasti
31TBF71,Vipera latasti
31TBF61,Vipera latasti
31TBF51,Vipera latasti
30TUL91,Vipera latasti
30TVL01,Vipera latasti
30TVL11,Vipera latasti
30TVL21,Vipera latasti
30TVL31,Vipera latasti
30TVL51,Vipera latasti
30TWL51,Vipera latasti
30TWL61,Vipera latasti
30TWL71,Vipera latasti
30TXL11,Vipera latasti
30TXL41,Vipera latasti
30TXL61,Vipera latasti
30TXL81,Vipera latasti
30TXL91,Vipera latasti
30TYL01,Vipera latasti
30TYL41,Vipera latasti
30TYL51,Vipera latasti
31TBF70,Vipera latasti
31TBF60,Vipera latasti
31TBF50,Vipera latasti
30TTL40,Vipera latasti
30TUL30,Vipera latasti
30TUL50,Vipera latasti
30TUL70,Vipera latasti
30TUL80,Vipera latasti
30TUL90,Vipera latasti
30TVL00,Vipera latasti
30TVL20,Vipera latasti
30TVL30,Vipera latasti
30TWL70,Vipera latasti
30TXL20,Vipera latasti
30TXL50,Vipera latasti
30TXL60,Vipera latasti
30TXL70,Vipera latasti
30TYL00,Vipera latasti
30TYL10,Vipera latasti
30TYL30,Vipera latasti
30TYL40,Vipera latasti
29TQE19,Vipera latasti
29TQE39,Vipera latasti
29TQE49,Vipera latasti
31TBE59,Vipera latasti
29TQE59,Vipera latasti
31TBE49,Vipera latasti
30TTK49,Vipera latasti
30TUK59,Vipera latasti
30TUK99,Vipera latasti
30TVK09,Vipera latasti
30TWK79,Vipera latasti
30TWK99,Vipera latasti
30TXK19,Vipera latasti
30TXK99,Vipera latasti
30TYK09,Vipera latasti
30TYK19,Vipera latasti
30TYK29,Vipera latasti
30TYK49,Vipera latasti
30TYK59,Vipera latasti
29TQE28,Vipera latasti
29TQE38,Vipera latasti
29TQE48,Vipera latasti
30TTK78,Vipera latasti
30TUK08,Vipera latasti
30TUK18,Vipera latasti
30TUK28,Vipera latasti
30TUK38,Vipera latasti
30TUK48,Vipera latasti
30TUK58,Vipera latasti
30TUK68,Vipera latasti
30TUK88,Vipera latasti
30TWK28,Vipera latasti
30TWK88,Vipera latasti
30TWK98,Vipera latasti
30TXK08,Vipera latasti
30TXK18,Vipera latasti
30TXK98,Vipera latasti
30TYK18,Vipera latasti
30TYK28,Vipera latasti
30TYK48,Vipera latasti
30TYK58,Vipera latasti
29TQE07,Vipera latasti
29TQE37,Vipera latasti
30TTK67,Vipera latasti
30TTK77,Vipera latasti
30TTK87,Vipera latasti
30TUK07,Vipera latasti
30TUK17,Vipera latasti
30TUK37,Vipera latasti
30TUK57,Vipera latasti
30TUK67,Vipera latasti
30TUK77,Vipera latasti
30TUK87,Vipera latasti
30TWK87,Vipera latasti
30TXK07,Vipera latasti
30TXK17,Vipera latasti
30TXK27,Vipera latasti
30TXK37,Vipera latasti
30TXK67,Vipera latasti
30TXK77,Vipera latasti
30TXK87,Vipera latasti
30TXK97,Vipera latasti
30TYK07,Vipera latasti
30TYK17,Vipera latasti
30TYK37,Vipera latasti
30TYK47,Vipera latasti
29TPE86,Vipera latasti
29TQE06,Vipera latasti
29TQE16,Vipera latasti
29TQE56,Vipera latasti
30TTK66,Vipera latasti
30TTK76,Vipera latasti
30TTK86,Vipera latasti
30TTK96,Vipera latasti
30TUK06,Vipera latasti
30TUK16,Vipera latasti
30TUK26,Vipera latasti
30TUK36,Vipera latasti
30TUK46,Vipera latasti
30TUK66,Vipera latasti
30TUK86,Vipera latasti
30TVK86,Vipera latasti
30TWK76,Vipera latasti
30TWK96,Vipera latasti
30TXK06,Vipera latasti
30TXK16,Vipera latasti
30TXK26,Vipera latasti
30TXK36,Vipera latasti
30TXK66,Vipera latasti
30TYK06,Vipera latasti
30TYK16,Vipera latasti
30TYK26,Vipera latasti
30TYK36,Vipera latasti
30TTK75,Vipera latasti
30TTK85,Vipera latasti
30TTK95,Vipera latasti
30TUK05,Vipera latasti
30TUK15,Vipera latasti
30TUK35,Vipera latasti
30TWK75,Vipera latasti
30TXK05,Vipera latasti
30TXK15,Vipera latasti
30TXK75,Vipera latasti
30TYK25,Vipera latasti
30TYK55,Vipera latasti
31TBE54,Vipera latasti
30TTK64,Vipera latasti
30TTK84,Vipera latasti
30TTK94,Vipera latasti
30TUK04,Vipera latasti
30TUK24,Vipera latasti
30TVK94,Vipera latasti
30TWK74,Vipera latasti
30TWK84,Vipera latasti
30TXK14,Vipera latasti
30TXK64,Vipera latasti
30TXK74,Vipera latasti
30TYK44,Vipera latasti
31TBE53,Vipera latasti
31TBE43,Vipera latasti
30TVK73,Vipera latasti
30TVK83,Vipera latasti
30TWK73,Vipera latasti
30TXK23,Vipera latasti
30TXK63,Vipera latasti
30TXK73,Vipera latasti
30TXK83,Vipera latasti
30TYK03,Vipera latasti
30TYK53,Vipera latasti
30SXK82,Vipera latasti
30SXK92,Vipera latasti
30SYK02,Vipera latasti
30SYK12,Vipera latasti
30SYK22,Vipera latasti
30SYK32,Vipera latasti
29SQE41,Vipera latasti
29SQE51,Vipera latasti
30SXK81,Vipera latasti
30SYK01,Vipera latasti
30SYK31,Vipera latasti
30SUK10,Vipera latasti
30SXK70,Vipera latasti
30SXK80,Vipera latasti
30SYK10,Vipera latasti
30SVJ19,Vipera latasti
30SXJ69,Vipera latasti
30SYJ09,Vipera latasti
30SYJ19,Vipera latasti
30SYJ29,Vipera latasti
30STJ88,Vipera latasti
30SUJ38,Vipera latasti
30SUJ68,Vipera latasti
30SUJ78,Vipera latasti
30SVJ08,Vipera latasti
30SUJ27,Vipera latasti
30SUJ67,Vipera latasti
30SUJ87,Vipera latasti
30SXJ97,Vipera latasti
30SYJ27,Vipera latasti
30SUJ46,Vipera latasti
30SUJ66,Vipera latasti
30SUJ76,Vipera latasti
30SVJ06,Vipera latasti
30SXJ66,Vipera latasti
30SXJ76,Vipera latasti
30SXJ86,Vipera latasti
29SPD55,Vipera latasti
30SUJ15,Vipera latasti
30SUJ35,Vipera latasti
30SUJ55,Vipera latasti
30SUJ65,Vipera latasti
30SUJ75,Vipera latasti
30SUJ95,Vipera latasti
30SXJ75,Vipera latasti
30SXJ85,Vipera latasti
29SPD64,Vipera latasti
30SUJ14,Vipera latasti
30SUJ54,Vipera latasti
30SUJ74,Vipera latasti
30SVJ34,Vipera latasti
30SVJ44,Vipera latasti
30SXJ64,Vipera latasti
30SXJ74,Vipera latasti
30SXJ84,Vipera latasti
29SPD93,Vipera latasti
30SUJ13,Vipera latasti
30SUJ63,Vipera latasti
30SUJ73,Vipera latasti
30SVJ23,Vipera latasti
30SXJ63,Vipera latasti
30SXJ73,Vipera latasti
30SXJ83,Vipera latasti
30SYJ23,Vipera latasti
30SUJ62,Vipera latasti
30SUJ82,Vipera latasti
30SXJ62,Vipera latasti
30SXJ72,Vipera latasti
30SXJ82,Vipera latasti
30SYJ22,Vipera latasti
30SYJ32,Vipera latasti
29SQD11,Vipera latasti
30SUJ31,Vipera latasti
30SUJ61,Vipera latasti
30SUJ81,Vipera latasti
30SUJ91,Vipera latasti
30SVJ11,Vipera latasti
30SXJ71,Vipera latasti
30SXJ81,Vipera latasti
30SYJ01,Vipera latasti
30SYJ21,Vipera latasti
30SYJ31,Vipera latasti
30SYJ41,Vipera latasti
29SQD20,Vipera latasti
29SQD40,Vipera latasti
30SUJ60,Vipera latasti
30SYJ00,Vipera latasti
30SYJ30,Vipera latasti
30SYJ40,Vipera latasti
29SQC49,Vipera latasti
29SQC59,Vipera latasti
30STH49,Vipera latasti
30STH59,Vipera latasti
30SUH49,Vipera latasti
30SVH09,Vipera latasti
30SUH28,Vipera latasti
30SUH38,Vipera latasti
30SUH58,Vipera latasti
30SUH78,Vipera latasti
30SUH98,Vipera latasti
30SVH08,Vipera latasti
30SVH18,Vipera latasti
30SVH98,Vipera latasti
30SWH18,Vipera latasti
30SXH48,Vipera latasti
30SXH58,Vipera latasti
30SYH08,Vipera latasti
30SYH18,Vipera latasti
30SYH28,Vipera latasti
30SYH48,Vipera latasti
29SPC67,Vipera latasti
29SQC07,Vipera latasti
29SQC57,Vipera latasti
30SUH37,Vipera latasti
30SUH47,Vipera latasti
30SUH57,Vipera latasti
30SUH67,Vipera latasti
30SUH97,Vipera latasti
30SVH07,Vipera latasti
30SWH17,Vipera latasti
30SXH47,Vipera latasti
30SXH77,Vipera latasti
30SXH97,Vipera latasti
30SYH07,Vipera latasti
30SYH17,Vipera latasti
30SYH27,Vipera latasti
30SVH06,Vipera latasti
30SVH26,Vipera latasti
30SWH06,Vipera latasti
30SWH56,Vipera latasti
30SWH66,Vipera latasti
30SWH96,Vipera latasti
30SXH46,Vipera latasti
30SXH76,Vipera latasti
30SXH96,Vipera latasti
30SYH26,Vipera latasti
29SQC25,Vipera latasti
30SUH65,Vipera latasti
30SUH75,Vipera latasti
30SUH85,Vipera latasti
30SUH95,Vipera latasti
30SVH15,Vipera latasti
30SVH25,Vipera latasti
30SVH45,Vipera latasti
30SVH65,Vipera latasti
30SVH75,Vipera latasti
30SWH45,Vipera latasti
30SWH55,Vipera latasti
30SWH95,Vipera latasti
30SXH15,Vipera latasti
30SXH65,Vipera latasti
30SXH75,Vipera latasti
30SYH05,Vipera latasti
30SUH14,Vipera latasti
30SUH54,Vipera latasti
30SUH74,Vipera latasti
30SUH84,Vipera latasti
30SUH94,Vipera latasti
30SVH04,Vipera latasti
30SVH14,Vipera latasti
30SVH24,Vipera latasti
30SVH34,Vipera latasti
30SVH44,Vipera latasti
30SVH54,Vipera latasti
30SVH64,Vipera latasti
30SVH74,Vipera latasti
30SVH84,Vipera latasti
30SVH94,Vipera latasti
30SWH44,Vipera latasti
30SWH54,Vipera latasti
30SWH94,Vipera latasti
30SXH24,Vipera latasti
30SVH73,Vipera latasti
30SWH33,Vipera latasti
30SWH43,Vipera latasti
30SXH13,Vipera latasti
30SXH23,Vipera latasti
30SXH33,Vipera latasti
30SVH02,Vipera latasti
30SWH62,Vipera latasti
30SXH22,Vipera latasti
30SYH02,Vipera latasti
29SQC31,Vipera latasti
30SUH11,Vipera latasti
30SUH61,Vipera latasti
30SUH91,Vipera latasti
30SVH01,Vipera latasti
30SVH41,Vipera latasti
30SWH11,Vipera latasti
30SWH21,Vipera latasti
30SWH41,Vipera latasti
30SWH51,Vipera latasti
30SWH61,Vipera latasti
29SPC60,Vipera latasti
29SPC70,Vipera latasti
30STH50,Vipera latasti
30STH60,Vipera latasti
30SUH40,Vipera latasti
30SWH20,Vipera latasti
30SWH30,Vipera latasti
30SWH40,Vipera latasti
29SPB69,Vipera latasti
29SPB79,Vipera latasti
29SPB99,Vipera latasti
29SQB09,Vipera latasti
30STG39,Vipera latasti
30STG59,Vipera latasti
30STG69,Vipera latasti
30SVG99,Vipera latasti
30SWG09,Vipera latasti
30SWG19,Vipera latasti
30SWG29,Vipera latasti
30SWG79,Vipera latasti
30SXG29,Vipera latasti
30SXG39,Vipera latasti
30SXG59,Vipera latasti
29SPB58,Vipera latasti
29SPB68,Vipera latasti
29SQB08,Vipera latasti
29SQB58,Vipera latasti
30SVG58,Vipera latasti
29SPB47,Vipera latasti
29SPB87,Vipera latasti
29SPB97,Vipera latasti
29SQB07,Vipera latasti
30STG57,Vipera latasti
30SVG67,Vipera latasti
29SPB46,Vipera latasti
29SPB56,Vipera latasti
29SPB66,Vipera latasti
29SQB06,Vipera latasti
30SVG06,Vipera latasti
30SVG16,Vipera latasti
30SXG56,Vipera latasti
29SPB85,Vipera latasti
29SPB95,Vipera latasti
29SQB15,Vipera latasti
29SPB94,Vipera latasti
30SUG74,Vipera latasti
30SUG84,Vipera latasti
30SVG14,Vipera latasti
30SVG44,Vipera latasti
29SPB73,Vipera latasti
30SVG53,Vipera latasti
30SVG63,Vipera latasti
30SWG13,Vipera latasti
30SWG23,Vipera latasti
29SQB02,Vipera latasti
29SQB12,Vipera latasti
30SVG52,Vipera latasti
30SVG62,Vipera latasti
30SWG22,Vipera latasti
29SPB81,Vipera latasti
29SPB91,Vipera latasti
29SQB01,Vipera latasti
29SQB11,Vipera latasti
29SQB21,Vipera latasti
29SQB31,Vipera latasti
30SVG91,Vipera latasti
30SWG11,Vipera latasti
30SWG41,Vipera latasti
29SPB90,Vipera latasti
29SQB00,Vipera latasti
29SQB10,Vipera latasti
29SQB20,Vipera latasti
30SUG90,Vipera latasti
30SVG50,Vipera latasti
30SVG60,Vipera latasti
30SVG70,Vipera latasti
30SVG80,Vipera latasti
30SVG90,Vipera latasti
30SWG00,Vipera latasti
30SWG10,Vipera latasti
30SWG30,Vipera latasti
29SQA19,Vipera latasti
29SQA29,Vipera latasti
30STF99,Vipera latasti
30SUF99,Vipera latasti
30SVF69,Vipera latasti
30SVF79,Vipera latasti
30SVF89,Vipera latasti
30SWF09,Vipera latasti
30SWF19,Vipera latasti
30SWF29,Vipera latasti
29SQA38,Vipera latasti
30STF88,Vipera latasti
30SVF08,Vipera latasti
30SVF18,Vipera latasti
30SVF28,Vipera latasti
30SVF48,Vipera latasti
30SVF68,Vipera latasti
30SVF78,Vipera latasti
30STF77,Vipera latasti
30STF87,Vipera latasti
30SVF27,Vipera latasti
30SVF67,Vipera latasti
30SWF77,Vipera latasti
30STF76,Vipera latasti
30STF86,Vipera latasti
30STF96,Vipera latasti
30SUF16,Vipera latasti
30SUF26,Vipera latasti
30SWF76,Vipera latasti
29SQA35,Vipera latasti
30STF55,Vipera latasti
30STF65,Vipera latasti
30STF75,Vipera latasti
30STF85,Vipera latasti
29SQA64,Vipera latasti
30STF34,Vipera latasti
30STF64,Vipera latasti
30STF74,Vipera latasti
30STF84,Vipera latasti
30SUF14,Vipera latasti
29SQA53,Vipera latasti
29SQA63,Vipera latasti
30STF53,Vipera latasti
30STF63,Vipera latasti
30STF73,Vipera latasti
30STF83,Vipera latasti
29SQA52,Vipera latasti
29SQA61,Vipera latasti
30STF51,Vipera latasti
30STF61,Vipera latasti
30STF71,Vipera latasti
30STF81,Vipera latasti
29SQA60,Vipera latasti
30STF50,Vipera latasti
30STF60,Vipera latasti
30STF80,Vipera latasti
30STE49,Vipera latasti
